ID,Scheme,Likelihood to Speak Positively,Water Ordering,Temporary Transfers,Billing,Land Leases,Understand Business,Mobile,SPPs,Helpful Service,Responsiveness
1,Lower Mary River,1,0,1,1,1,1,0,0,1,1
3,Mareeba Dimbulah,4,3,4,4,0,0,4,0,0,3
4,Upper Condamine,3,3,4,3,4,3,4,3,3,4
5,Mareeba Dimbulah,5,5,5,5,5,5,5,5,5,5
6,St George,5,5,5,4,4,5,4,4,5,4
8,Callide Valley,4,0,0,4,0,0,4,0,0,4
10,Upper Burnett,2,0,2,3,0,1,1,1,1,2
11,Macintyre Brook,4,3,0,3,0,0,3,3,3,3
14,St George,5,5,0,0,0,0,4,0,4,4
15,Three Moon Creek,3,0,0,3,0,3,4,3,3,3
16,Mareeba Dimbulah,4,4,0,4,0,3,4,0,5,4
17,Bundaberg,4,0,4,4,0,0,4,4,4,4
18,Burdekin Haughton,3,5,0,3,3,5,0,5,5,5
20,Lower Mary River,4,0,0,4,0,3,4,0,4,4
21,Bundaberg,4,4,4,4,4,4,4,4,4,4
22,Burdekin Haughton,3,4,3,4,3,3,3,3,3,3
23,Mareeba Dimbulah,3,2,4,4,0,3,4,3,3,4
24,Mareeba Dimbulah,3,4,4,4,3,3,4,4,4,4
25,Dawson Valley,4,4,4,4,4,4,0,0,4,4
27,Dawson Valley,4,4,4,3,3,3,3,3,4,4
28,Lower Fitzroy,4,4,5,5,4,4,5,0,4,4
29,Bundaberg,2,3,0,3,0,3,3,3,3,2
30,Bundaberg,2,0,3,0,0,0,3,0,0,3
31,Proserpine River,3,4,4,4,0,4,4,0,3,1
32,Boyne River and Tarong,4,4,4,4,4,4,4,4,4,4
33,Burdekin Haughton,3,2,3,3,3,1,3,2,2,4
35,Mareeba Dimbulah,4,4,5,5,0,4,5,0,4,4
37,St George,3,3,3,0,0,3,0,4,2,2
40,Mareeba Dimbulah,3,3,3,3,0,3,3,3,3,3
43,Bundaberg,4,3,3,3,3,3,4,3,3,4
45,Bundaberg,4,4,5,4,4,4,4,4,4,4
47,Bundaberg,4,5,0,4,0,3,5,4,4,4
49,Border Rivers,3,5,0,4,4,4,5,0,4,4
51,Mareeba Dimbulah,4,5,5,5,5,5,5,5,5,5
52,Three Moon Creek,3,0,0,2,0,2,4,3,3,2
53,Burdekin Haughton,4,3,0,4,0,4,4,4,4,4
54,Mareeba Dimbulah,3,0,0,5,5,3,5,3,3,3
55,Callide Valley,3,4,4,4,0,4,4,4,4,3
56,Bundaberg,4,0,0,3,0,3,4,3,3,3
57,Mareeba Dimbulah,3,0,3,3,0,0,4,0,3,4
58,Burdekin Haughton,2,2,4,4,3,1,4,3,2,3
59,Mareeba Dimbulah,3,3,0,3,0,2,0,0,3,3
60,Burdekin Haughton,3,0,0,5,0,3,0,0,3,3
61,Burdekin Haughton,3,3,0,4,4,3,3,3,3,3
62,Boyne River and Tarong,4,0,0,4,4,4,4,4,4,4
63,Callide Valley,5,4,0,5,0,4,4,3,4,4
64,Bundaberg,4,0,0,3,0,0,3,0,3,3
65,Bundaberg,3,0,3,4,0,3,3,3,3,3
66,Lower Mary River,5,5,5,4,4,4,5,4,4,4
67,Three Moon Creek,4,0,3,4,0,3,4,0,4,4
68,Mareeba Dimbulah,4,0,4,0,0,0,4,2,3,2
69,Nogoa Mackenzie,4,4,4,4,4,4,4,4,4,4
70,Border Rivers,4,5,0,5,0,4,0,0,5,5
71,Eton,4,0,0,3,0,0,5,4,4,5
72,Barker Barambah,3,4,4,4,4,3,4,4,4,4
76,Burdekin Haughton,5,5,0,5,0,5,5,5,5,5
77,Mareeba Dimbulah,3,0,0,4,0,1,3,0,3,2
78,Mareeba Dimbulah,3,0,0,0,0,0,0,0,0,3
79,Eton,4,4,4,4,4,4,5,4,5,4
80,Boyne River and Tarong,3,4,4,4,4,4,4,4,4,3
81,Dawson Valley,4,3,3,4,4,3,4,4,4,3
82,Boyne River and Tarong,4,0,0,4,3,3,4,4,4,4
83,Mareeba Dimbulah,3,3,3,3,3,3,3,3,3,3
84,Burdekin Haughton,3,4,4,4,0,3,4,4,3,3
85,Macintyre Brook,3,0,0,4,0,0,5,0,0,3
86,Mareeba Dimbulah,4,4,4,4,4,3,4,4,4,4
87,Dawson Valley,3,3,3,3,3,3,3,3,3,4
88,Boyne River and Tarong,4,3,0,4,0,0,4,4,4,4
89,Bundaberg,4,3,3,3,0,3,4,3,3,3
90,Callide Valley,3,0,1,2,3,2,4,0,3,3
91,Mareeba Dimbulah,4,0,0,4,0,0,4,0,4,4
92,Nogoa Mackenzie,4,4,4,4,3,3,4,4,4,4
93,Bundaberg,5,5,5,5,4,5,5,4,5,4
94,Bundaberg,4,4,0,4,0,0,4,0,5,5
95,Mareeba Dimbulah,2,4,4,4,0,0,4,4,3,3
96,Boyne River and Tarong,4,3,4,4,3,3,4,3,5,4
97,Nogoa Mackenzie,3,0,0,3,0,0,2,0,2,3
98,Mareeba Dimbulah,4,4,4,4,0,0,4,4,4,4
99,Bundaberg,3,5,0,4,0,0,4,4,4,4
100,Mareeba Dimbulah,3,3,3,3,4,3,3,3,4,3
103,Burdekin Haughton,3,3,0,4,3,2,3,0,3,3
104,Burdekin Haughton,3,3,3,3,3,3,3,3,3,3
105,Callide Valley,4,0,4,4,0,4,0,0,4,4
106,Burdekin Haughton,4,4,4,4,4,4,4,4,4,3
107,Barker Barambah,3,0,3,3,3,3,4,4,3,3
109,Boyne River and Tarong,4,4,0,4,4,4,4,4,4,4
110,Bundaberg,3,5,5,5,0,3,3,3,3,5
111,Eton,4,4,0,0,0,0,3,0,3,4
112,Mareeba Dimbulah,3,0,0,3,0,0,0,0,3,3
113,Bundaberg,5,0,0,4,0,3,0,0,4,4
114,Boyne River and Tarong,4,0,0,4,4,4,3,4,4,4
115,Boyne River and Tarong,4,4,4,4,3,0,3,3,3,3
116,Bundaberg,4,0,0,5,0,0,5,5,5,5
118,Nogoa Mackenzie,4,4,0,4,4,3,4,3,4,4
121,Three Moon Creek,4,0,4,3,0,3,3,0,3,3
122,Callide Valley,3,4,4,4,0,4,4,4,4,4
123,Mareeba Dimbulah,4,4,4,4,0,0,4,4,4,4
125,Bundaberg,4,4,4,4,4,0,4,4,0,4
126,Dawson Valley,3,4,3,3,3,3,4,3,3,3
127,Dawson Valley,4,5,5,5,5,4,5,5,5,5
130,Mareeba Dimbulah,3,1,4,4,0,4,4,0,3,3
131,Eton,2,3,0,5,3,3,4,2,3,3
132,Mareeba Dimbulah,4,0,0,4,0,0,4,0,4,2
133,Lower Fitzroy,5,4,4,4,4,4,4,4,4,4
135,Bundaberg,5,5,4,5,5,5,5,5,5,5
136,Bundaberg,2,3,3,3,3,2,4,3,2,3
139,Boyne River and Tarong,5,0,0,4,0,0,4,0,4,5
140,Burdekin Haughton,4,4,4,4,4,4,4,4,4,4
141,Bundaberg,4,0,0,4,0,0,4,4,4,4
142,Boyne River and Tarong,4,0,0,4,0,0,2,2,4,3
143,Lower Mary River,5,4,4,4,4,4,4,4,5,5
144,Burdekin Haughton,3,4,4,4,4,4,4,4,4,4
145,Mareeba Dimbulah,3,3,0,4,3,3,0,3,4,4
146,Eton,3,0,0,3,3,2,4,0,3,3
147,Burdekin Haughton,4,4,4,4,4,4,4,4,4,4
152,Bundaberg,5,5,5,5,5,5,5,5,5,5
153,Burdekin Haughton,3,3,0,3,0,3,3,3,3,3
154,Bundaberg,2,2,3,3,3,3,4,3,4,3
156,Boyne River and Tarong,4,0,0,4,0,0,4,0,4,3
157,Bundaberg,3,0,0,4,0,0,4,4,4,4
158,Bundaberg,4,0,4,4,0,0,4,0,4,4
161,Lower Mary River,4,4,4,4,4,4,4,4,4,4
162,Upper Condamine,3,5,5,4,0,4,0,0,4,5
164,Burdekin Haughton,1,5,3,3,0,1,4,2,3,4
165,Proserpine River,4,3,3,3,0,3,3,2,4,4
166,Upper Burnett,3,4,4,4,4,4,4,4,4,3
167,Macintyre Brook,4,3,0,4,0,4,4,3,3,3
170,Upper Condamine,3,5,4,5,0,4,4,4,5,4
171,Burdekin Haughton,5,5,0,5,5,5,5,5,5,5
172,Dawson Valley,4,4,4,4,4,4,4,4,4,4
173,Macintyre Brook,4,3,4,4,3,4,4,3,4,4
174,Upper Burnett,4,4,4,4,4,0,4,0,4,4
175,Proserpine River,4,5,5,4,0,4,4,4,4,3
176,Burdekin Haughton,4,3,4,4,0,4,4,4,4,4
177,Pioneer River,3,3,3,3,3,3,3,3,4,4
178,Lower Mary River,3,0,0,3,0,1,3,2,2,3
180,Bundaberg,5,4,0,5,4,0,5,0,0,3
183,Callide Valley,5,3,0,3,0,0,4,0,3,2
186,Macintyre Brook,3,3,3,3,0,0,0,0,0,3
187,Bundaberg,3,4,0,4,3,3,4,4,4,4
188,Mareeba Dimbulah,5,4,0,4,0,4,4,3,4,4
189,Chinchilla Weir,3,0,0,0,0,0,0,0,0,3
190,Nogoa Mackenzie,3,3,3,3,3,2,4,3,4,3
191,Bundaberg,3,4,4,4,0,3,5,5,4,4
193,Macintyre Brook,1,1,1,1,1,1,1,1,1,1
194,Proserpine River,4,4,0,4,0,5,5,0,5,5
196,Bundaberg,3,0,0,0,0,0,3,3,0,4
197,Eton,2,3,0,5,0,2,5,3,3,3
198,Three Moon Creek,4,0,4,4,4,4,4,0,3,3
199,Burdekin Haughton,1,0,0,5,0,4,5,0,0,5
201,Mareeba Dimbulah,4,0,0,4,0,0,5,0,5,5
202,Burdekin Haughton,3,4,4,4,3,3,4,3,4,3
203,Dawson Valley,4,3,4,4,4,5,4,4,4,4
204,Dawson Valley,4,4,4,4,4,4,4,4,4,4
205,St George,5,5,4,5,0,5,5,5,5,5
206,Burdekin Haughton,2,1,0,5,0,1,4,1,1,1
207,Mareeba Dimbulah,4,0,0,4,0,0,0,0,0,4
208,Burdekin Haughton,3,3,3,4,3,2,3,3,3,3
210,Nogoa Mackenzie,4,4,3,4,4,4,4,3,5,5
211,Eton,3,3,2,3,3,3,4,4,3,3
212,Nogoa Mackenzie,5,5,5,5,4,0,5,0,5,5
213,Callide Valley,4,0,0,4,0,0,2,3,3,3
214,Burdekin Haughton,4,4,4,4,3,4,4,3,4,4
216,Bowen Broken Rivers,5,4,4,4,4,4,4,0,4,4
217,Bundaberg,4,0,4,4,0,4,4,4,4,4
219,Mareeba Dimbulah,5,4,0,4,0,4,4,4,4,4
220,Mareeba Dimbulah,4,4,5,5,0,5,5,5,5,4
221,Mareeba Dimbulah,3,3,2,2,2,3,4,3,3,2
222,Bundaberg,3,0,4,4,0,0,2,0,3,3
223,Bundaberg,3,0,5,5,0,3,5,5,5,5
226,Mareeba Dimbulah,4,0,0,3,0,3,3,3,3,3
227,Bundaberg,5,0,0,5,0,0,0,0,3,3
228,Mareeba Dimbulah,4,0,0,5,0,0,0,0,5,5
229,Mareeba Dimbulah,3,4,0,4,0,4,4,4,4,4
230,Callide Valley,4,0,3,4,0,3,3,3,3,4
234,Boyne River and Tarong,4,3,3,4,3,3,3,0,3,3
235,Bundaberg,2,3,4,4,0,2,4,4,4,3
236,Mareeba Dimbulah,3,3,2,4,3,2,2,2,4,3
237,Upper Burnett,4,3,3,3,3,3,3,3,3,3
238,Mareeba Dimbulah,4,3,3,3,3,3,3,3,3,3
240,Lower Mary River,4,4,5,4,0,4,3,3,4,3
242,Border Rivers,4,0,4,3,3,0,3,3,3,4
243,Bundaberg,3,0,3,4,0,3,4,4,4,3
244,Upper Condamine,4,4,3,3,3,3,3,3,3,4
245,Mareeba Dimbulah,1,1,1,1,0,1,1,1,1,1
246,Mareeba Dimbulah,5,5,5,5,5,5,5,5,5,5
247,Mareeba Dimbulah,3,4,4,4,0,3,4,2,2,3
248,Burdekin Haughton,4,5,5,5,5,5,5,5,5,5
251,Bundaberg,4,4,0,4,3,0,3,0,4,4
252,Lower Mary River,5,5,0,5,0,4,5,5,5,5
254,Barker Barambah,3,5,5,4,4,3,4,3,3,3
256,Burdekin Haughton,3,4,0,4,1,2,3,1,2,3
258,Callide Valley,5,0,0,0,4,4,4,4,4,5
259,Bundaberg,4,0,0,5,0,0,4,4,4,4
260,Bundaberg,4,4,4,4,0,0,4,0,4,4
261,Bundaberg,5,5,5,5,0,5,0,0,5,5
262,Bundaberg,4,3,3,4,0,4,5,0,5,4
264,Bundaberg,5,3,4,4,4,3,4,4,3,3
265,Cunnamulla,4,0,0,4,0,0,4,0,3,3
266,Upper Burnett,4,0,0,3,0,0,3,0,3,3
270,Chinchilla Weir,4,4,4,4,4,4,4,4,4,4
271,Bundaberg,4,3,0,3,0,0,0,0,0,4
272,Mareeba Dimbulah,3,1,0,4,0,0,3,0,4,4
273,Bundaberg,3,4,3,3,3,3,4,4,4,4
274,Upper Burnett,4,0,4,4,0,3,0,0,3,4
275,Mareeba Dimbulah,5,4,4,4,4,3,5,4,4,4
276,Border Rivers,1,1,1,1,1,1,1,1,1,1
279,Mareeba Dimbulah,4,3,5,5,3,3,5,4,5,5
280,Nogoa Mackenzie,4,5,4,4,4,4,4,4,4,4
282,Upper Burnett,3,0,0,3,0,0,0,0,0,3
284,Burdekin Haughton,3,3,3,4,0,3,3,3,2,3
286,Mareeba Dimbulah,4,5,5,5,5,5,5,5,5,5
287,Mareeba Dimbulah,4,0,0,4,4,0,0,0,4,4
288,Bundaberg,4,4,5,4,0,4,4,4,4,4
289,Bundaberg,4,3,3,4,0,3,5,4,4,4
291,Proserpine River,4,0,5,4,0,0,0,4,5,4
292,St George,3,0,0,0,0,3,4,3,3,3
293,Mareeba Dimbulah,1,5,4,5,4,5,5,4,5,5
294,Eton,4,4,0,4,0,4,4,4,4,3
295,Macintyre Brook,5,4,0,4,0,4,4,4,4,4
296,Upper Burnett,3,0,4,3,0,0,3,0,0,1
297,Barker Barambah,3,4,0,4,4,0,3,4,4,4
299,Lower Mary River,4,0,0,4,0,3,5,4,4,4
301,Nogoa Mackenzie,5,0,0,5,0,0,5,0,5,5
302,Bundaberg,4,0,4,4,3,3,4,0,4,4
304,Mareeba Dimbulah,4,3,0,4,0,3,4,3,4,4
305,Mareeba Dimbulah,4,5,5,5,5,5,5,5,5,5
306,Bowen Broken Rivers,4,0,0,4,4,0,4,4,4,4
307,Boyne River and Tarong,5,5,0,5,0,5,5,5,5,4
308,Eton,4,4,0,3,0,0,2,3,3,4
309,Boyne River and Tarong,5,0,0,4,0,0,4,4,5,5
310,Bundaberg,4,4,5,5,0,0,5,4,3,4
311,Mareeba Dimbulah,4,0,0,4,0,0,4,0,5,4
312,Nogoa Mackenzie,4,5,5,5,5,5,5,5,5,4
313,Mareeba Dimbulah,4,0,0,4,0,0,4,0,4,1
314,Callide Valley,2,3,3,3,0,1,3,0,1,1
316,Dawson Valley,2,3,3,2,3,1,2,1,1,2
317,Burdekin Haughton,3,4,0,4,0,3,4,2,4,4
318,Bundaberg,4,0,4,4,0,3,4,4,4,4
319,Mareeba Dimbulah,1,4,0,4,0,1,1,0,1,1
320,Mareeba Dimbulah,2,0,0,3,0,0,0,0,3,3
321,Mareeba Dimbulah,4,0,0,4,0,3,5,3,5,4
323,Mareeba Dimbulah,2,0,0,3,0,0,0,0,0,3
324,Boyne River and Tarong,5,0,0,5,5,5,0,0,5,5
325,Burdekin Haughton,3,3,0,1,0,3,3,4,4,3
330,Bundaberg,4,5,5,5,5,5,5,4,5,5
333,Chinchilla Weir,4,4,4,4,4,4,4,3,4,4
334,Lower Mary River,5,0,4,4,5,4,4,4,4,4
335,Mareeba Dimbulah,4,5,5,5,5,5,5,5,5,5
336,Mareeba Dimbulah,4,0,0,4,0,4,4,4,4,4
337,Burdekin Haughton,2,4,0,4,3,2,4,1,3,3
338,Mareeba Dimbulah,4,0,4,3,0,0,4,4,4,4
339,Bundaberg,5,0,5,5,0,4,5,5,5,5
341,Cunnamulla,3,4,4,4,4,4,4,4,3,3
342,Boyne River and Tarong,5,0,0,4,0,0,4,0,4,5
343,Boyne River and Tarong,3,3,3,4,4,4,5,4,5,4
344,Border Rivers,3,4,0,3,3,3,4,4,3,4
345,Bundaberg,5,0,4,5,4,4,4,4,4,5
346,Three Moon Creek,4,3,4,3,3,3,4,4,5,4
348,Bundaberg,3,0,4,4,3,3,4,3,4,4
350,Mareeba Dimbulah,4,4,4,4,4,4,4,4,4,4
351,Border Rivers,4,4,4,4,4,4,4,4,4,4
353,Nogoa Mackenzie,4,0,0,4,4,0,4,0,4,4
354,Three Moon Creek,3,0,4,3,0,2,4,0,4,3
355,St George,3,3,3,4,0,3,3,3,3,3
356,Bundaberg,2,4,4,4,4,3,4,4,3,3
359,Bundaberg,5,5,5,5,0,0,5,5,5,5
360,Upper Burnett,4,0,0,3,0,3,0,3,4,3
361,Callide Valley,4,0,0,0,0,0,0,4,4,4
363,Bundaberg,4,3,3,3,3,3,4,4,4,4
364,Nogoa Mackenzie,3,0,0,3,4,0,4,0,3,3
365,Mareeba Dimbulah,4,0,0,4,0,0,4,0,4,4
367,Nogoa Mackenzie,4,0,0,4,0,4,5,0,0,4
368,Dawson Valley,4,0,0,4,0,4,0,0,4,4
369,Mareeba Dimbulah,3,0,3,4,0,0,0,3,3,3
372,Mareeba Dimbulah,5,0,4,4,4,3,3,3,3,4
373,Burdekin Haughton,3,2,4,5,0,3,3,3,3,3
374,Bundaberg,4,0,0,4,0,4,5,5,5,4
375,Nogoa Mackenzie,3,0,4,4,0,0,0,0,2,4
376,St George,5,5,5,5,5,0,5,5,5,5
377,Mareeba Dimbulah,5,4,5,5,4,4,5,4,4,5
378,Burdekin Haughton,4,0,0,4,0,0,0,0,4,3
379,Bundaberg,4,3,3,3,3,3,3,3,4,4
380,Bundaberg,4,4,3,4,3,3,3,3,4,3
381,Three Moon Creek,4,0,0,4,4,3,0,4,4,4
382,Burdekin Haughton,5,5,5,5,0,4,0,0,5,5
383,Barker Barambah,4,4,4,4,3,4,3,3,4,4
384,Burdekin Haughton,4,5,5,5,5,5,5,5,5,4
385,Macintyre Brook,4,5,5,4,4,4,4,4,4,4
386,Upper Condamine,4,4,4,4,4,4,4,4,4,4
388,Mareeba Dimbulah,4,4,4,4,0,4,4,0,4,4
389,Bundaberg,4,0,4,4,0,4,4,4,4,4
393,Bundaberg,4,0,4,4,0,3,5,4,4,5
394,Boyne River and Tarong,4,0,0,5,0,5,0,0,5,4
395,Mareeba Dimbulah,4,0,0,4,0,0,4,4,4,3
396,Cunnamulla,4,0,0,4,0,4,4,0,4,4
397,Lower Mary River,5,4,4,4,4,4,4,4,4,4
400,Eton,4,0,0,4,3,4,0,0,4,4
401,Proserpine River,3,3,3,3,3,3,3,3,3,3
402,Bundaberg,4,4,4,3,0,4,4,3,4,4
403,Border Rivers,4,5,4,4,0,4,4,4,5,4
405,St George,3,4,2,4,3,4,4,3,5,3
406,Lower Mary River,5,4,0,4,0,4,4,0,4,4
408,Burdekin Haughton,3,3,3,3,3,3,3,3,3,3
409,Mareeba Dimbulah,3,4,3,4,3,3,4,3,3,3
410,Burdekin Haughton,4,4,4,4,4,4,4,4,4,3
411,Upper Condamine,5,4,0,4,0,5,5,4,5,4
412,Mareeba Dimbulah,1,3,0,2,0,1,0,1,1,3
413,Bundaberg,3,0,0,4,0,0,3,0,3,3
414,Mareeba Dimbulah,4,4,4,4,4,4,4,4,4,4
415,Bundaberg,4,0,0,4,0,4,4,4,4,4
417,Upper Burnett,3,0,3,3,0,0,3,3,3,3
418,Mareeba Dimbulah,3,2,3,3,0,2,2,3,3,3
419,Proserpine River,4,4,4,4,4,4,4,4,4,4
420,Callide Valley,1,0,0,4,0,1,4,1,1,1
422,Chinchilla Weir,4,4,4,4,4,3,4,4,4,4
425,Mareeba Dimbulah,4,0,0,4,0,0,3,0,4,2
426,Nogoa Mackenzie,4,4,5,5,0,0,5,0,4,3
428,Mareeba Dimbulah,5,4,5,5,5,5,4,4,5,5
429,Lower Mary River,5,0,0,5,0,0,4,0,0,4
430,Burdekin Haughton,3,3,3,4,2,3,3,3,4,3
431,Mareeba Dimbulah,4,4,4,4,0,4,0,0,4,4
432,Mareeba Dimbulah,3,5,0,4,0,4,5,4,5,4
433,Burdekin Haughton,3,4,4,3,4,4,4,0,4,3
434,Barker Barambah,5,5,0,5,0,4,5,4,4,5
436,Bundaberg,5,0,0,5,0,5,5,0,5,4
437,Macintyre Brook,4,4,1,4,0,1,1,2,4,3
438,Upper Condamine,5,5,0,5,0,5,5,0,5,5
439,Lower Mary River,5,0,0,5,0,0,5,0,5,5
440,Upper Burnett,3,0,3,0,0,0,3,0,0,3
442,Nogoa Mackenzie,4,0,4,3,0,4,4,4,4,4
443,Mareeba Dimbulah,3,3,3,3,2,2,2,3,3,3
444,Mareeba Dimbulah,5,5,5,5,0,5,5,5,5,5
445,Bundaberg,4,4,4,4,0,4,4,0,4,3
446,Mareeba Dimbulah,4,4,4,5,4,4,4,4,4,4
447,Nogoa Mackenzie,5,0,5,5,5,5,5,0,5,5
448,Bundaberg,3,0,4,4,0,3,4,4,4,3
449,Burdekin Haughton,3,3,3,2,0,2,3,2,3,3
450,Bundaberg,4,4,4,4,4,4,4,4,4,4
452,Nogoa Mackenzie,3,3,3,3,3,2,3,3,3,3
454,Bundaberg,4,4,5,4,0,4,4,4,5,4
456,Burdekin Haughton,4,5,0,4,0,4,4,4,5,5
458,Dawson Valley,4,0,0,4,0,0,4,0,0,4
459,Mareeba Dimbulah,4,3,4,4,3,4,4,4,4,4
460,Dawson Valley,3,4,0,2,0,4,4,0,4,3
461,Eton,5,5,5,5,5,5,5,5,5,5
462,Bundaberg,3,0,0,4,0,4,3,3,4,4
464,Burdekin Haughton,3,4,3,4,3,3,4,4,4,4
465,Callide Valley,3,0,0,2,0,2,2,2,2,2
466,Bundaberg,4,0,3,3,0,2,0,3,4,4
467,Mareeba Dimbulah,4,4,4,4,4,4,3,4,4,4
468,Bundaberg,5,5,4,4,4,4,5,5,5,5
470,Barker Barambah,3,3,0,3,3,3,1,1,2,3
471,Burdekin Haughton,4,0,0,0,0,3,0,0,5,4
472,Boyne River and Tarong,4,4,4,4,4,4,4,4,5,4
473,Burdekin Haughton,4,0,0,3,0,0,0,0,3,3
474,Boyne River and Tarong,4,0,0,5,0,0,5,0,4,5
475,Mareeba Dimbulah,3,1,0,5,0,5,2,0,0,2
476,Burdekin Haughton,2,0,0,2,0,0,1,5,1,2
477,Mareeba Dimbulah,4,0,0,5,0,0,5,0,5,5
478,Eton,3,4,4,5,3,2,4,4,4,3
479,Pioneer River,3,5,3,3,0,4,5,5,5,5
480,Bundaberg,4,0,0,4,0,0,0,4,4,4
481,Bundaberg,5,4,0,5,0,5,5,5,5,4
482,Nogoa Mackenzie,5,0,0,5,0,5,5,5,5,5
483,Lower Mary River,4,0,0,4,4,4,4,4,4,4
484,Lower Mary River,5,0,0,5,0,0,5,0,5,5
485,Lower Mary River,4,4,0,3,0,0,3,3,3,4
487,Eton,2,0,0,3,0,1,0,1,2,1
488,Burdekin Haughton,4,5,0,5,0,4,4,4,4,4
489,Callide Valley,4,0,0,0,0,0,0,0,0,4
490,Mareeba Dimbulah,3,0,0,4,0,0,3,3,3,3
491,Burdekin Haughton,4,0,3,1,3,3,4,3,3,4
492,Mareeba Dimbulah,3,4,4,3,3,3,3,3,3,3
493,Mareeba Dimbulah,3,0,5,0,0,0,3,2,3,2
494,Upper Burnett,4,0,5,4,0,0,5,0,0,4
495,Mareeba Dimbulah,4,4,4,4,0,4,4,4,4,4
496,Mareeba Dimbulah,4,4,4,4,3,3,4,0,4,4
497,Lower Fitzroy,4,0,0,4,0,0,4,0,3,2
498,Bundaberg,3,0,4,4,0,3,5,3,3,3
499,Upper Condamine,3,4,3,3,0,0,3,3,3,3
500,Nogoa Mackenzie,4,0,0,2,4,0,4,0,4,4
501,Macintyre Brook,3,3,3,3,3,3,2,0,3,3
502,Burdekin Haughton,2,1,1,1,0,0,4,1,3,3
503,Mareeba Dimbulah,5,0,0,5,0,5,5,5,5,5
504,Callide Valley,3,3,3,4,3,3,3,3,3,3
505,Barker Barambah,4,0,0,0,0,0,0,0,4,4
506,Mareeba Dimbulah,4,4,4,4,0,3,4,4,4,4
507,Mareeba Dimbulah,5,0,0,5,0,0,4,0,5,4
508,Bundaberg,4,0,3,3,3,3,5,0,4,4
509,Barker Barambah,3,5,5,5,0,1,5,4,5,5
511,St George,1,3,3,3,2,1,2,1,1,1
512,Mareeba Dimbulah,5,5,0,5,0,5,5,5,5,5
513,Bundaberg,4,4,4,5,4,4,5,5,5,4
515,Upper Burnett,1,0,0,3,2,1,2,1,1,1
517,Nogoa Mackenzie,4,3,3,4,3,3,4,3,4,4
519,Burdekin Haughton,4,4,4,4,4,3,4,4,4,3
520,Mareeba Dimbulah,4,0,0,4,0,0,4,4,4,4
521,Barker Barambah,4,4,4,4,4,4,4,4,4,4
522,Nogoa Mackenzie,5,5,4,4,4,4,4,4,4,4
523,Dawson Valley,4,0,5,5,4,4,5,0,5,4
524,Bundaberg,3,4,3,5,0,3,5,4,4,4
525,Chinchilla Weir,5,5,5,5,0,4,4,4,5,5
526,Mareeba Dimbulah,4,3,0,3,1,2,4,3,3,3
527,Bundaberg,4,0,5,5,4,0,5,5,5,4
528,Mareeba Dimbulah,5,5,5,4,4,4,4,4,4,5
530,Upper Condamine,2,0,3,4,0,4,4,4,3,2
532,Callide Valley,3,0,0,3,3,0,4,0,4,3
533,Mareeba Dimbulah,3,4,4,3,0,0,4,0,2,2
534,Callide Valley,3,0,4,4,0,0,0,0,0,3
535,Bundaberg,4,0,4,4,0,4,4,4,4,4
537,Bundaberg,5,5,5,5,2,5,5,5,5,5
538,Mareeba Dimbulah,4,5,5,5,0,3,4,4,4,5
539,Burdekin Haughton,4,4,4,4,4,4,0,4,4,4
540,Boyne River and Tarong,4,0,0,3,0,0,0,0,2,5
541,Mareeba Dimbulah,3,4,0,0,0,0,3,3,3,3
542,Mareeba Dimbulah,4,4,4,4,4,4,5,4,4,5
544,Bundaberg,4,4,4,4,4,4,5,4,4,4
546,Eton,3,0,0,2,0,2,3,3,3,2
547,Mareeba Dimbulah,5,5,4,5,5,5,5,4,4,4
548,Mareeba Dimbulah,4,5,4,5,4,5,5,4,5,4
551,Bundaberg,3,4,0,4,0,3,5,0,4,4
552,Bundaberg,3,0,0,4,0,0,4,4,0,3
553,Barker Barambah,4,4,4,4,4,4,5,4,5,4
555,Bundaberg,3,0,3,1,0,0,4,0,2,3
556,Chinchilla Weir,4,4,4,0,0,4,4,4,4,4
557,Mareeba Dimbulah,4,0,3,3,0,0,3,0,3,3
558,Barker Barambah,3,3,0,3,0,3,3,3,3,3
560,Bundaberg,4,0,0,4,0,0,4,0,4,4
561,Callide Valley,2,0,3,3,2,1,3,2,1,2
562,Callide Valley,2,0,3,3,2,1,3,1,2,2
563,Nogoa Mackenzie,3,5,5,5,0,0,0,4,4,4
564,Mareeba Dimbulah,5,5,5,5,0,0,4,0,4,4
565,Mareeba Dimbulah,2,0,0,4,4,0,4,0,4,1
566,Mareeba Dimbulah,4,3,3,4,3,3,3,4,4,4
567,Bundaberg,3,0,0,3,0,1,4,3,4,3
568,Proserpine River,4,3,4,4,0,4,4,3,4,4
569,Mareeba Dimbulah,4,3,4,2,4,4,2,3,3,3
570,Bundaberg,4,0,0,4,4,3,4,4,4,3
571,Mareeba Dimbulah,3,0,0,4,0,0,4,0,3,4
573,Bundaberg,4,4,4,5,3,4,4,4,4,4
574,Barker Barambah,3,0,0,3,0,3,0,0,3,3
575,Mareeba Dimbulah,1,3,0,2,3,3,5,4,3,2
576,Mareeba Dimbulah,4,3,4,4,4,3,3,3,4,4
577,Mareeba Dimbulah,4,4,3,4,2,2,4,2,4,3
578,Lower Mary River,5,0,5,5,0,5,5,0,5,5
581,Eton,4,0,0,3,0,0,3,0,0,3
582,Bundaberg,4,0,0,4,4,4,5,4,5,4
583,Callide Valley,3,0,0,3,3,0,3,3,3,3
584,Eton,4,4,0,4,0,4,5,4,5,5
585,Proserpine River,4,4,4,4,4,4,4,4,4,4
586,Chinchilla Weir,4,0,0,0,0,0,4,4,4,3
587,Barker Barambah,5,0,0,5,5,5,0,0,5,5
588,Mareeba Dimbulah,3,0,3,4,3,3,4,3,3,3
589,Mareeba Dimbulah,3,4,0,4,0,5,5,4,4,5
590,Mareeba Dimbulah,5,0,0,4,0,0,4,0,4,4
591,Barker Barambah,2,1,1,1,1,1,1,1,1,2
592,Burdekin Haughton,4,4,0,4,4,4,4,4,4,4
593,Burdekin Haughton,4,4,0,4,4,4,4,4,4,4
594,Callide Valley,4,0,0,5,5,0,5,5,5,5
596,Burdekin Haughton,4,0,0,4,0,4,4,4,3,4
598,Bundaberg,3,3,4,3,3,3,4,0,3,3
599,Bundaberg,4,0,0,5,0,0,5,0,5,5
600,Burdekin Haughton,3,0,0,3,0,0,0,0,3,3
601,Mareeba Dimbulah,5,4,0,4,0,4,4,0,4,4
604,Burdekin Haughton,5,0,4,4,4,4,0,0,4,5
605,Burdekin Haughton,4,0,0,4,0,0,0,0,3,3
608,Upper Condamine,4,5,4,4,0,4,4,4,4,4
609,Macintyre Brook,5,4,0,4,4,4,4,4,5,5
610,Proserpine River,5,4,4,4,4,4,4,4,4,4
611,Nogoa Mackenzie,4,4,4,4,4,3,5,4,3,4
612,Callide Valley,4,3,3,3,3,3,3,3,3,4
613,Burdekin Haughton,2,3,2,2,3,2,3,2,3,2
614,Eton,2,2,0,2,0,2,4,1,2,2
615,Upper Burnett,4,3,4,4,3,3,4,3,4,4
616,Bundaberg,5,0,0,4,4,0,0,0,5,5
617,Mareeba Dimbulah,4,0,4,0,0,4,5,4,4,4
618,Burdekin Haughton,4,4,4,4,0,3,4,0,3,4
619,Mareeba Dimbulah,3,4,4,4,0,0,4,0,4,4
620,Bundaberg,5,0,0,5,0,5,5,5,5,4
621,Callide Valley,1,3,3,0,3,2,3,0,2,1
624,Bundaberg,5,0,5,5,0,0,5,3,5,5
625,Bundaberg,5,0,0,4,0,0,5,5,5,4
626,Macintyre Brook,4,3,4,3,0,5,4,3,5,3
627,Callide Valley,3,0,3,3,0,3,2,2,3,3
628,Bundaberg,4,4,4,4,4,4,5,0,4,4
629,Mareeba Dimbulah,3,0,0,3,0,0,0,0,3,3
630,Mareeba Dimbulah,4,0,0,4,0,0,4,0,4,4
631,Lower Mary River,4,0,3,3,3,2,3,3,3,4
632,Boyne River and Tarong,4,3,4,4,4,3,4,4,4,4
633,Barker Barambah,4,3,0,4,3,0,4,4,3,4
635,Callide Valley,1,0,5,3,0,0,3,0,3,5
636,Mareeba Dimbulah,3,0,3,4,0,0,0,0,0,3
637,Mareeba Dimbulah,4,4,0,3,0,3,4,4,4,4
638,Upper Burnett,5,4,4,5,0,4,0,0,5,5
639,Lower Mary River,3,0,0,4,0,3,4,4,4,3
640,Nogoa Mackenzie,4,4,4,4,4,4,4,4,4,4
641,Mareeba Dimbulah,3,0,0,0,0,0,4,0,4,4
644,Upper Condamine,4,4,4,4,4,4,4,4,4,4
645,Bundaberg,4,0,4,4,0,3,4,3,4,4
648,Barker Barambah,3,3,3,3,0,1,3,2,3,2
649,Nogoa Mackenzie,4,0,0,4,4,4,0,0,5,4
650,Bundaberg,5,0,0,4,0,0,1,0,5,4
651,Mareeba Dimbulah,5,0,0,4,5,5,0,0,5,5
653,Mareeba Dimbulah,4,4,4,4,4,4,4,4,4,4
655,Nogoa Mackenzie,5,4,4,3,0,3,3,0,5,5
656,Burdekin Haughton,2,3,0,3,0,3,3,2,3,3
657,Mareeba Dimbulah,4,4,4,4,4,4,4,4,4,4
658,Bundaberg,4,0,0,4,0,3,3,0,0,4
659,Nogoa Mackenzie,2,0,2,2,0,1,1,1,3,2
660,Callide Valley,4,4,0,4,0,0,4,0,5,4
661,Nogoa Mackenzie,5,5,5,5,5,5,5,5,5,5
663,St George,3,0,0,3,0,0,4,3,3,4
665,Boyne River and Tarong,4,0,0,3,0,3,3,3,4,3
666,Mareeba Dimbulah,3,0,2,1,0,4,4,3,3,3
667,Mareeba Dimbulah,3,0,0,0,3,2,3,3,3,2
670,Bundaberg,4,0,5,5,5,1,5,5,5,3
671,St George,4,4,4,4,0,0,4,4,4,4
672,Mareeba Dimbulah,3,4,4,4,4,3,4,4,4,3
673,Burdekin Haughton,2,2,2,2,1,1,2,1,1,1
674,Bundaberg,5,4,5,5,4,5,5,4,5,5
675,Bundaberg,2,0,2,3,0,2,3,1,1,3
676,Proserpine River,2,3,2,3,1,1,3,1,1,2
677,Bundaberg,4,0,4,4,0,3,3,4,4,4
679,Bundaberg,4,4,4,4,5,5,5,4,5,5
681,St George,4,4,4,4,4,4,4,4,4,4
682,Burdekin Haughton,3,1,0,3,0,1,3,3,3,3
683,Nogoa Mackenzie,4,0,0,4,0,4,4,4,4,4
684,Bundaberg,4,0,4,3,0,3,4,4,4,3
685,Bundaberg,3,3,3,1,3,3,4,1,3,3
688,Mareeba Dimbulah,4,5,5,5,0,4,4,4,5,5
690,Mareeba Dimbulah,2,0,4,5,0,0,5,2,3,3
691,Burdekin Haughton,5,0,4,4,0,0,5,0,5,5
692,Proserpine River,4,3,4,4,4,4,4,4,4,5
693,Boyne River and Tarong,4,4,0,4,0,0,3,0,4,3
694,Boyne River and Tarong,3,0,0,4,0,0,2,0,3,3
696,Macintyre Brook,4,4,4,4,0,4,2,0,4,4
697,Boyne River and Tarong,2,0,0,3,0,0,3,0,2,3
698,Bundaberg,4,0,4,4,3,3,4,3,3,3
699,Proserpine River,3,3,4,3,4,3,3,3,4,3
700,Mareeba Dimbulah,2,3,3,3,3,2,4,0,1,2
702,Mareeba Dimbulah,3,0,0,4,4,0,0,0,0,4
703,Burdekin Haughton,4,0,0,4,4,3,0,0,4,4
704,Upper Burnett,5,5,5,5,0,0,0,0,0,4
705,Lower Mary River,4,0,0,4,0,0,0,4,4,4
706,Bundaberg,4,4,4,4,4,4,4,4,4,4
707,Callide Valley,1,0,3,3,0,1,3,1,1,1
708,Dawson Valley,2,3,2,3,3,2,5,1,2,2
709,Bundaberg,5,0,5,4,0,4,5,4,4,4
711,Upper Burnett,4,0,5,4,0,3,4,4,4,4
712,Bundaberg,4,4,4,4,4,4,5,3,4,4
713,Burdekin Haughton,4,4,4,4,4,4,5,4,4,3
714,Eton,1,0,0,1,0,1,3,2,2,2
716,Boyne River and Tarong,3,3,3,3,3,3,4,3,3,3
717,Bundaberg,3,0,0,4,0,4,4,0,4,4
718,Mareeba Dimbulah,1,1,1,1,0,0,1,0,1,1
720,Eton,3,0,0,3,3,3,4,3,3,3
721,Barker Barambah,3,4,4,4,0,4,2,4,4,4
722,Burdekin Haughton,3,0,0,3,0,2,3,0,0,3
723,Mareeba Dimbulah,4,0,0,0,0,0,4,0,4,4
724,St George,3,0,0,0,0,3,4,0,4,3
726,Bundaberg,3,3,4,4,0,2,3,2,2,4
727,Boyne River and Tarong,2,0,3,4,3,2,3,2,2,2
728,Dawson Valley,4,4,5,4,4,4,5,4,4,4
729,Mareeba Dimbulah,4,0,0,4,0,0,2,0,3,3
731,Upper Burnett,4,0,4,5,3,3,3,3,3,3
732,Bundaberg,4,0,0,4,0,0,4,4,5,4
733,Macintyre Brook,3,2,2,2,3,3,3,3,3,3
736,Bundaberg,4,4,3,5,5,3,5,4,5,5
738,St George,4,0,4,4,3,4,5,4,5,4
739,Bundaberg,4,4,4,4,4,3,4,4,4,4
740,Barker Barambah,3,3,4,3,3,3,4,3,3,4
742,Mareeba Dimbulah,4,4,0,4,0,3,4,4,4,4
744,Burdekin Haughton,2,2,2,3,0,1,3,1,1,2
745,Dawson Valley,3,2,3,4,3,3,4,3,3,3
746,Dawson Valley,3,4,0,3,3,3,4,2,4,4
748,Mareeba Dimbulah,4,4,0,4,0,5,0,0,4,4
750,Mareeba Dimbulah,3,0,0,3,0,0,3,0,0,2
753,Eton,3,0,0,4,0,4,4,3,4,4
754,Burdekin Haughton,4,4,4,4,4,4,4,4,4,4
759,Burdekin Haughton,3,4,0,4,4,0,4,2,4,3
760,St George,1,3,0,5,0,0,5,0,4,3
761,Upper Condamine,3,3,4,3,3,3,4,3,4,4
762,Mareeba Dimbulah,1,4,0,4,4,3,4,4,1,3
763,Boyne River and Tarong,2,0,0,4,0,3,3,1,1,1
765,Mareeba Dimbulah,4,5,0,4,0,0,4,0,4,4
766,Bundaberg,4,5,5,5,5,5,5,5,5,5
767,Bundaberg,4,5,0,4,0,0,5,5,5,5
768,Upper Burnett,2,3,3,2,2,2,0,0,1,2
771,Barker Barambah,1,3,3,4,3,1,4,3,3,3
772,Mareeba Dimbulah,3,3,3,3,3,3,2,3,4,4
774,Bundaberg,4,4,5,4,4,4,5,4,4,4
775,Bundaberg,2,2,2,2,2,1,3,4,2,3
776,Nogoa Mackenzie,3,3,3,3,3,3,3,3,3,3
777,Upper Condamine,4,4,4,4,4,4,4,3,4,4
778,Burdekin Haughton,4,4,2,3,3,2,4,3,4,3
783,Proserpine River,3,4,0,3,3,2,3,2,3,3
785,Lower Fitzroy,4,3,0,4,3,3,5,4,3,3
786,Eton,4,4,0,4,4,4,4,3,4,4
787,Mareeba Dimbulah,4,4,0,4,5,4,0,0,5,5
790,Bundaberg,4,3,3,3,0,3,3,3,4,3
791,Burdekin Haughton,4,4,0,4,4,4,4,4,4,3
793,Burdekin Haughton,4,0,5,5,5,5,5,5,5,5
794,Burdekin Haughton,4,4,4,4,0,0,4,3,3,4
795,Nogoa Mackenzie,4,0,0,4,0,4,4,4,0,4
799,Bundaberg,4,0,5,4,0,0,5,4,5,5
804,Bundaberg,4,0,4,4,0,4,3,0,4,3
805,Barker Barambah,3,0,0,3,0,0,0,2,2,2
806,Callide Valley,3,3,4,4,0,3,3,3,3,3
809,Macintyre Brook,4,0,4,4,4,0,4,4,4,4
810,Callide Valley,4,0,0,4,0,0,0,0,3,3
811,Chinchilla Weir,4,4,4,4,4,3,4,4,4,4
812,Burdekin Haughton,3,4,3,2,3,4,4,3,2,2
813,Bundaberg,4,0,0,4,0,0,5,5,5,4
814,Burdekin Haughton,3,3,0,3,0,3,3,3,3,3
816,Mareeba Dimbulah,4,4,4,4,0,3,4,4,4,4
818,Macintyre Brook,4,5,5,4,4,4,5,5,5,4
819,Boyne River and Tarong,4,0,0,4,4,0,3,3,4,5
820,Upper Burnett,4,3,0,3,0,3,4,3,3,3
821,Bundaberg,4,0,0,5,0,0,5,0,5,5
823,Upper Burnett,4,4,4,4,4,4,4,4,4,4
825,Bundaberg,3,0,0,2,0,1,4,3,3,3
827,Bundaberg,4,5,5,5,5,4,5,5,5,5
828,Bundaberg,4,4,4,4,4,4,5,4,4,4
832,St George,4,0,0,0,0,0,4,4,4,4
834,Proserpine River,3,3,0,0,3,3,3,0,3,3
837,Mareeba Dimbulah,4,0,0,4,0,0,4,0,0,4
840,Bundaberg,4,0,0,5,0,5,5,0,0,4
843,Burdekin Haughton,4,0,0,4,4,4,4,0,3,3
845,Nogoa Mackenzie,2,0,3,3,0,3,2,0,3,3
847,Nogoa Mackenzie,4,4,4,4,4,4,4,4,4,4
848,Nogoa Mackenzie,4,4,5,4,4,4,4,3,5,5
849,Mareeba Dimbulah,4,0,0,4,0,0,4,0,3,3
850,Upper Burnett,4,5,5,5,5,5,5,5,5,5
851,Burdekin Haughton,1,0,0,5,0,0,5,5,5,5
852,Bundaberg,3,0,0,4,0,0,3,3,3,3
855,Macintyre Brook,4,4,3,4,3,4,4,4,4,4
857,Bundaberg,4,4,4,0,0,4,4,4,4,3
858,Proserpine River,4,4,5,5,5,4,5,5,5,4
863,Bundaberg,1,0,1,1,1,1,3,1,3,1
864,Bundaberg,3,4,0,4,0,0,4,3,0,3
865,Mareeba Dimbulah,4,3,4,3,0,2,4,3,3,3
867,Dawson Valley,4,4,4,4,4,4,0,0,3,4
868,Chinchilla Weir,4,0,0,4,0,0,0,0,0,4
869,Callide Valley,3,0,3,3,3,3,3,2,2,3
872,Bundaberg,4,5,4,4,4,0,4,5,5,5
875,Three Moon Creek,3,0,0,3,0,1,4,0,0,3
876,Bundaberg,4,4,5,4,5,4,4,4,4,4
881,Three Moon Creek,3,0,0,3,3,3,4,3,3,3
882,Three Moon Creek,4,0,0,4,3,3,4,4,5,5
883,Mareeba Dimbulah,3,1,3,5,0,0,4,0,4,3
884,Upper Burnett,4,0,0,5,4,0,0,0,4,4
886,Mareeba Dimbulah,4,3,4,4,4,3,4,4,4,4
888,Eton,4,4,0,4,0,4,4,4,4,3
889,Nogoa Mackenzie,4,4,4,4,4,4,5,4,5,5
892,Bundaberg,4,3,3,3,0,3,4,4,4,4
894,Mareeba Dimbulah,4,0,5,4,4,3,4,4,4,4
895,Mareeba Dimbulah,4,0,4,4,0,4,4,4,4,4
896,Mareeba Dimbulah,4,0,0,4,0,0,4,0,5,3
898,Burdekin Haughton,3,4,0,3,0,3,4,3,3,3
903,Macintyre Brook,1,1,1,3,3,1,5,1,2,2
906,Burdekin Haughton,3,3,3,3,3,3,4,3,2,3
909,Bundaberg,3,0,0,3,0,0,4,0,3,3
910,Burdekin Haughton,4,4,0,4,0,0,0,0,4,4
913,Boyne River and Tarong,3,0,0,3,0,0,5,0,3,4
914,Macintyre Brook,4,4,0,4,4,4,4,4,4,5
918,Bundaberg,4,3,4,4,0,3,5,4,4,4
919,Mareeba Dimbulah,3,3,4,4,4,4,4,3,3,3
921,Nogoa Mackenzie,3,0,0,3,0,3,3,0,5,3
922,Mareeba Dimbulah,4,0,3,4,0,0,2,0,4,4
925,Mareeba Dimbulah,4,5,5,5,5,5,5,5,5,5
926,Dawson Valley,3,3,4,3,3,4,4,3,4,4
927,Bundaberg,4,0,0,5,0,0,5,0,5,5
928,Mareeba Dimbulah,4,4,4,4,4,4,5,4,5,4
929,Eton,4,0,0,4,4,4,4,4,4,5
931,Bundaberg,4,0,0,4,4,4,4,4,4,4
933,Mareeba Dimbulah,4,4,4,4,0,4,4,4,4,4
934,Nogoa Mackenzie,4,0,0,5,2,2,5,4,5,4
937,Eton,3,4,3,3,2,2,2,3,3,2
938,Mareeba Dimbulah,3,0,4,3,0,0,3,3,2,3
939,Bundaberg,4,0,0,5,0,0,0,0,5,5
940,Mareeba Dimbulah,4,5,4,4,5,5,5,5,5,4
943,Upper Burnett,4,0,0,4,0,0,0,0,3,3
945,Dawson Valley,4,4,4,4,4,4,5,4,4,4
946,St George,3,0,0,4,0,0,4,0,3,3
947,Bundaberg,2,1,1,1,1,1,1,1,1,2
948,Eton,3,2,0,4,0,1,4,1,1,2
953,Mareeba Dimbulah,4,0,0,5,0,0,0,0,5,5
956,Eton,2,3,0,3,0,2,5,2,3,3
959,Bundaberg,4,0,0,4,0,4,4,4,4,4
960,Upper Burnett,4,0,5,5,0,0,0,0,5,4
961,Mareeba Dimbulah,4,4,4,4,2,2,4,4,4,4
963,Mareeba Dimbulah,4,0,0,4,0,0,4,4,4,4
964,Upper Burnett,4,0,4,4,0,0,4,0,4,4
966,Bundaberg,4,0,5,5,0,5,5,0,5,5
972,Lower Fitzroy,4,0,0,0,0,0,0,0,0,4
977,Eton,1,2,1,1,1,1,3,1,2,1
981,Nogoa Mackenzie,4,0,0,4,0,0,5,0,5,5
982,Bowen Broken Rivers,4,4,0,4,4,4,4,4,5,4
985,Bundaberg,4,0,0,4,0,0,4,0,4,4
989,Nogoa Mackenzie,4,4,4,5,0,0,5,4,5,5
990,Bundaberg,4,4,0,5,0,4,5,4,4,4
991,Mareeba Dimbulah,3,0,0,0,0,0,3,0,3,3
992,Nogoa Mackenzie,4,4,4,4,4,4,4,4,4,4
995,Nogoa Mackenzie,4,5,5,5,0,4,5,0,5,4
997,Nogoa Mackenzie,3,0,3,4,0,3,5,3,4,4
998,Mareeba Dimbulah,4,3,0,3,3,4,4,4,4,4
1000,Burdekin Haughton,1,2,0,3,1,1,3,1,0,1
1001,Macintyre Brook,4,0,4,4,0,0,3,3,3,4
1002,Mareeba Dimbulah,3,3,0,4,2,3,1,0,4,2
1003,Burdekin Haughton,4,4,0,4,4,0,4,4,4,4
1006,Mareeba Dimbulah,4,3,3,3,3,3,3,3,3,3
1009,Bundaberg,4,0,0,3,0,0,4,0,4,5
1011,Lower Mary River,4,0,2,4,4,4,5,5,4,4
1012,Burdekin Haughton,4,4,4,4,4,4,4,4,4,4
1013,Bundaberg,4,0,0,3,3,3,3,3,0,4
1014,Nogoa Mackenzie,4,0,0,4,4,4,4,4,4,4
1016,Mareeba Dimbulah,2,1,1,1,0,0,1,1,1,1
1017,Dawson Valley,4,3,3,4,3,2,2,2,3,2
1018,Bundaberg,3,0,4,2,0,2,3,3,2,3
1019,Mareeba Dimbulah,4,0,0,4,0,3,0,3,4,4
1020,Barker Barambah,4,4,4,4,0,2,4,3,4,5
1021,Mareeba Dimbulah,3,0,1,4,0,2,3,3,4,4
1022,Mareeba Dimbulah,3,0,0,3,0,3,3,0,3,3
1023,Macintyre Brook,4,4,4,4,5,5,4,4,5,5
1024,Burdekin Haughton,4,5,5,5,5,3,5,5,5,4
1025,Mareeba Dimbulah,1,1,1,1,1,1,1,1,1,2
1026,Julius Dam,4,0,0,4,0,0,0,0,0,4
1031,Bundaberg,3,0,0,4,0,0,4,0,0,4
1034,Eton,4,4,0,4,0,0,4,4,4,5
1035,Burdekin Haughton,4,4,5,5,4,3,3,3,4,3
1037,Bundaberg,4,0,0,4,0,0,4,0,4,4
1038,Mareeba Dimbulah,2,4,3,5,1,0,4,4,0,1
1040,Macintyre Brook,4,4,4,4,4,4,4,4,4,4
1041,Burdekin Haughton,3,0,0,4,0,0,0,3,3,2
1044,Mareeba Dimbulah,4,4,4,4,2,3,5,4,3,4
1045,Bundaberg,3,0,0,4,4,4,4,4,3,3
1046,Callide Valley,3,5,4,4,0,5,0,0,5,4
1048,Mareeba Dimbulah,4,4,4,4,4,4,4,4,4,4
1049,Lower Fitzroy,3,0,0,3,0,0,3,3,1,2
1052,Mareeba Dimbulah,4,4,5,4,0,3,5,4,4,5
1054,Mareeba Dimbulah,3,3,3,5,3,3,3,3,3,3
1055,Pioneer River,4,0,0,4,0,0,0,0,4,4
1060,St George,4,4,4,4,4,4,4,4,4,4
1061,Three Moon Creek,4,0,4,4,0,4,0,0,4,4
1063,Lower Mary River,4,0,0,5,0,0,5,0,5,5
1064,Bundaberg,4,5,5,5,5,5,5,5,5,4
1065,Bundaberg,3,3,4,4,3,2,3,3,3,3
1066,Dawson Valley,4,4,4,4,4,3,4,4,5,4
1067,Eton,3,4,0,3,0,0,3,0,0,4
1068,Boyne River and Tarong,1,0,0,4,0,4,4,4,4,4
1069,Boyne River and Tarong,4,0,0,5,0,0,4,0,3,4
1070,Bundaberg,4,0,0,5,0,0,5,0,5,4
1071,Nogoa Mackenzie,4,4,4,3,0,3,0,0,3,4
1072,Bundaberg,4,4,4,4,4,3,4,4,4,4
1074,Eton,2,2,1,1,0,2,3,0,1,2
1075,Cunnamulla,4,0,0,4,0,0,4,4,4,4
1076,Mareeba Dimbulah,4,5,5,5,4,4,5,4,5,4
1077,Upper Condamine,4,4,4,4,4,4,4,4,4,4
1082,Upper Burnett,3,0,0,5,0,3,0,0,3,3
1085,Barker Barambah,3,0,0,2,0,0,4,0,3,2
1086,Bundaberg,4,0,4,4,0,4,4,4,4,4
1087,Lower Mary River,4,4,0,5,0,0,4,4,4,4
1088,Callide Valley,4,4,4,4,0,4,4,0,5,5
1091,Mareeba Dimbulah,4,3,5,5,4,3,5,4,4,4
1092,Boyne River and Tarong,4,3,4,4,3,3,2,3,3,3
1094,Bundaberg,4,5,5,5,5,5,5,5,5,5
1097,Nogoa Mackenzie,4,3,4,4,0,3,4,0,3,3
1099,Nogoa Mackenzie,3,2,4,3,3,3,4,3,3,3
1100,Nogoa Mackenzie,4,0,3,0,0,0,4,0,4,4
1101,Bundaberg,4,4,4,4,3,3,5,4,5,4
1104,Bundaberg,1,0,4,4,0,2,1,3,5,3
1105,St George,1,3,3,3,2,1,2,1,1,1
1106,Three Moon Creek,4,3,4,3,0,3,5,3,4,4
1107,Bundaberg,4,3,0,3,0,3,3,3,3,3
1110,Nogoa Mackenzie,4,5,5,5,5,5,5,5,5,5
1114,Lower Mary River,4,0,0,4,0,2,4,4,4,4
1115,Nogoa Mackenzie,4,0,5,5,5,5,5,5,5,5
1117,Mareeba Dimbulah,4,4,4,4,0,4,4,4,4,5
1122,Bundaberg,3,3,3,5,3,3,5,4,5,4
1123,Lower Mary River,4,4,4,4,4,5,4,4,4,4
1124,Nogoa Mackenzie,4,5,5,5,0,3,0,0,3,4
1125,Three Moon Creek,4,0,4,4,4,4,4,4,4,4
1126,Mareeba Dimbulah,3,4,4,4,4,4,4,4,5,4
1130,Callide Valley,3,0,4,0,0,0,0,0,0,3
1131,Bundaberg,3,3,3,4,3,3,3,3,3,4
1133,Eton,4,0,0,4,0,0,4,4,4,5
1134,Mareeba Dimbulah,4,4,4,4,4,4,4,4,4,4
1135,Boyne River and Tarong,4,0,0,4,0,0,4,0,5,5
1140,Bundaberg,3,4,4,4,0,4,5,4,4,4
1142,Bundaberg,3,4,4,3,0,1,1,3,3,2
1143,Dawson Valley,4,4,4,4,4,4,4,4,4,3
1144,Boyne River and Tarong,4,0,0,4,0,0,4,0,4,4
1153,Mareeba Dimbulah,3,4,0,1,0,1,0,0,5,5
1154,Mareeba Dimbulah,4,4,4,4,4,3,4,4,4,4
1155,Mareeba Dimbulah,1,2,1,1,1,1,3,2,1,2
1157,Bundaberg,3,4,0,4,0,3,4,4,4,3
1158,Mareeba Dimbulah,1,1,0,1,1,1,1,1,1,1
1159,Proserpine River,2,1,0,3,0,2,3,0,1,2
1167,Mareeba Dimbulah,3,0,0,3,0,1,3,0,1,2
1168,Bundaberg,4,0,4,4,0,2,3,3,4,4
1169,Burdekin Haughton,3,3,3,4,1,2,4,3,3,3
1170,Mareeba Dimbulah,4,5,4,5,4,3,5,5,4,3
1171,Mareeba Dimbulah,4,5,4,4,4,4,4,4,5,4
1172,Mareeba Dimbulah,3,4,3,3,3,4,4,3,4,3
1173,Bundaberg,3,3,3,3,3,1,4,4,4,4
1174,Bundaberg,4,0,5,5,0,0,5,3,5,5
1175,Bowen Broken Rivers,3,0,0,2,2,0,4,2,2,2
1176,Bundaberg,4,0,4,4,0,4,5,4,4,4
1178,Bundaberg,4,3,4,3,3,3,4,4,3,4
1180,Bundaberg,3,3,4,4,4,3,4,3,4,3
1181,Burdekin Haughton,3,4,4,4,4,4,4,4,3,4
1183,Nogoa Mackenzie,4,0,0,5,5,5,5,5,5,4
1186,Mareeba Dimbulah,4,5,5,5,0,4,5,4,4,5
1187,Upper Burnett,4,5,0,4,4,4,0,4,4,4
1188,Callide Valley,2,0,3,4,0,1,2,0,1,1
1190,Macintyre Brook,3,0,4,4,4,0,0,0,3,4
1192,Bundaberg,4,3,4,4,0,4,5,4,4,4
1196,Mareeba Dimbulah,3,0,0,4,0,0,4,4,4,4
1197,Eton,3,3,2,2,3,2,3,3,2,3
1198,Bundaberg,4,0,4,4,0,5,4,4,5,4
1200,Barker Barambah,3,4,0,4,0,0,3,3,4,4
1201,Callide Valley,3,4,4,5,0,4,4,0,2,3
1203,Mareeba Dimbulah,3,0,3,3,3,2,3,3,3,3
1204,Mareeba Dimbulah,4,0,0,4,0,4,4,0,4,5
1205,Bundaberg,4,0,0,4,0,3,4,4,4,3
1206,Mareeba Dimbulah,4,4,0,4,0,4,5,4,4,4
1207,Burdekin Haughton,1,3,3,3,3,1,3,1,2,2
1209,Bundaberg,4,4,5,5,4,4,4,4,4,4
1210,Mareeba Dimbulah,3,4,0,5,0,3,3,3,5,3
1212,Burdekin Haughton,4,0,5,5,0,4,0,0,4,4
1214,Bundaberg,4,0,4,4,0,4,5,4,4,4
1216,Barker Barambah,3,0,0,4,3,3,0,0,3,3
1218,Cunnamulla,2,0,3,1,0,0,3,3,1,3
1219,Lower Mary River,4,0,0,4,0,0,5,0,0,4
1220,Nogoa Mackenzie,4,3,3,3,4,3,4,4,4,5
1221,Mareeba Dimbulah,4,0,0,4,0,0,4,0,5,4
1223,Barker Barambah,4,0,3,4,0,3,4,4,4,3
1224,Bundaberg,4,0,5,5,0,0,5,0,5,5
1226,Macintyre Brook,4,4,4,4,0,4,1,0,4,4
1228,Bundaberg,4,0,4,4,0,0,4,4,4,3
1229,Bundaberg,4,3,0,4,0,3,4,3,4,4
1231,Boyne River and Tarong,4,3,3,3,3,3,3,3,4,3
1232,Bundaberg,4,0,0,5,0,0,5,0,5,5
1234,Mareeba Dimbulah,3,0,3,4,0,0,0,0,2,2
1238,Chinchilla Weir,3,0,0,0,0,0,3,2,2,3
1239,Boyne River and Tarong,3,0,0,3,0,3,5,3,3,3
1240,Three Moon Creek,1,1,1,1,1,1,1,1,1,2
1243,Barker Barambah,3,3,0,3,0,3,4,3,3,3
1244,Upper Burnett,1,0,0,3,1,1,3,1,1,1
1245,Nogoa Mackenzie,4,4,5,5,5,3,5,0,0,4
1246,Burdekin Haughton,4,5,5,5,5,5,5,5,5,5
1247,Mareeba Dimbulah,2,3,0,0,0,3,3,3,3,4
1249,Macintyre Brook,3,3,3,4,0,0,5,0,5,5
1250,Dawson Valley,4,3,4,4,4,4,4,4,4,4
1253,Lower Fitzroy,3,0,0,0,0,4,4,4,4,4
1255,Eton,3,0,0,3,0,2,5,0,3,5
1256,Bundaberg,4,0,4,4,0,4,0,4,4,4
1257,Burdekin Haughton,2,1,0,2,2,1,2,0,1,2
1260,Burdekin Haughton,4,4,4,4,3,4,4,3,5,3
1263,Callide Valley,3,0,4,4,0,2,4,3,2,2
1265,Bundaberg,2,0,3,3,0,0,0,0,3,3
1266,Bundaberg,4,4,4,3,3,3,4,3,4,4
1268,Macintyre Brook,4,5,5,5,5,5,5,5,5,5
1269,Mareeba Dimbulah,4,4,4,4,0,4,4,4,4,4
1270,Bundaberg,4,0,4,4,4,4,5,4,5,4
1272,Three Moon Creek,2,0,0,0,3,1,1,1,1,2
1274,Upper Burnett,4,0,3,4,4,4,4,4,4,3
1277,Mareeba Dimbulah,4,5,5,5,0,4,4,4,4,4
1278,Three Moon Creek,4,0,0,4,3,4,4,4,4,4
1279,Bundaberg,2,3,4,4,3,4,4,3,4,4
1280,Mareeba Dimbulah,2,0,2,4,0,2,1,2,1,2
1281,Bundaberg,4,0,5,3,3,1,5,5,4,2
1283,Mareeba Dimbulah,4,4,4,4,4,4,4,4,4,4
1285,Burdekin Haughton,1,1,3,1,3,1,3,2,1,2
1288,Burdekin Haughton,4,3,4,4,0,3,3,3,4,4
1291,Nogoa Mackenzie,4,0,5,5,0,0,5,0,5,5
1295,Mareeba Dimbulah,3,0,0,4,0,0,0,0,2,2
1296,Pioneer River,4,5,0,5,0,5,5,5,5,5
1297,Nogoa Mackenzie,4,0,0,5,0,0,5,5,5,5
1300,Bundaberg,3,3,3,4,3,3,5,3,3,3
1302,Upper Burnett,3,0,0,4,3,2,4,0,2,2
1303,Bundaberg,3,0,0,3,0,2,4,2,3,3
1304,Burdekin Haughton,4,1,2,3,0,2,3,0,3,3
1305,Mareeba Dimbulah,1,1,0,1,0,1,1,1,1,1
1307,Mareeba Dimbulah,4,5,4,5,0,0,4,0,3,3
1308,Boyne River and Tarong,4,4,4,4,4,3,4,4,4,4
1309,Bundaberg,1,0,0,1,0,0,0,0,1,1
1311,Mareeba Dimbulah,4,0,0,5,0,0,0,0,4,4
1312,Bundaberg,4,0,5,4,0,3,5,3,5,4
1315,Burdekin Haughton,4,4,2,4,3,3,4,4,4,4
1316,Bundaberg,4,0,0,4,0,0,4,0,4,4
1317,Dawson Valley,3,3,3,4,2,2,0,4,3,3
1320,Mareeba Dimbulah,4,5,4,4,0,5,0,5,5,4
1323,Callide Valley,4,0,4,5,0,4,5,4,5,4
1324,Nogoa Mackenzie,4,5,5,5,0,3,5,0,5,5
1326,Mareeba Dimbulah,4,4,3,3,0,4,2,3,3,3
1327,Nogoa Mackenzie,2,0,0,2,0,0,1,1,1,2
1328,Upper Burnett,2,3,3,2,0,0,0,0,1,2
1329,Barker Barambah,2,5,5,3,0,3,4,4,1,3
1335,St George,4,2,4,4,0,3,4,4,5,4
1337,Burdekin Haughton,1,4,0,3,0,0,0,0,1,3
1338,Chinchilla Weir,1,0,0,5,0,0,5,5,5,5
1341,Burdekin Haughton,4,5,4,5,4,4,3,3,5,4
1342,Upper Condamine,4,5,0,5,0,5,0,0,5,4
1343,Nogoa Mackenzie,3,2,3,2,0,2,1,1,1,2
1344,Bundaberg,2,3,3,4,3,2,4,3,3,3
1345,Lower Mary River,4,5,5,5,0,5,0,4,4,5
1347,St George,2,4,3,4,2,3,4,0,3,3
1348,Upper Condamine,4,4,4,4,4,4,4,4,4,4
1350,Bundaberg,4,0,0,4,0,4,5,4,5,4
1351,Boyne River and Tarong,3,0,0,3,0,3,3,3,3,3
1353,Mareeba Dimbulah,4,3,5,5,0,3,4,3,3,3
1357,Macintyre Brook,4,5,4,3,3,4,4,3,4,4
1358,Upper Burnett,4,4,4,4,0,4,4,4,4,3
1359,Mareeba Dimbulah,4,0,0,4,0,0,0,0,4,4
1360,Chinchilla Weir,4,0,4,3,4,0,0,0,4,4
1363,Mareeba Dimbulah,3,4,4,4,4,3,4,4,3,3
1365,Bundaberg,4,0,0,4,0,4,5,4,4,4
1367,Nogoa Mackenzie,3,0,0,0,0,0,0,0,0,3
1368,Proserpine River,4,4,0,4,4,4,4,4,4,4
1369,Mareeba Dimbulah,4,4,0,4,0,0,5,2,3,3
1370,Nogoa Mackenzie,3,0,3,3,0,0,3,0,3,3
1371,Upper Condamine,2,3,2,2,0,3,1,2,2,2
1375,Eton,4,5,0,4,5,5,0,5,5,5
1377,Nogoa Mackenzie,4,4,5,4,4,2,4,4,5,5
1378,Lower Mary River,4,4,5,4,0,4,3,4,4,4
1379,Callide Valley,4,0,0,2,0,5,3,4,4,3
1381,Mareeba Dimbulah,3,3,0,4,4,2,4,2,2,3
1383,Bundaberg,3,0,0,4,0,0,4,4,2,3
1384,Burdekin Haughton,4,0,0,4,0,0,4,0,4,4
1388,Bundaberg,4,5,4,5,0,5,5,5,5,5
1389,Lower Mary River,3,0,0,4,0,3,4,4,4,3
1392,Bundaberg,4,0,3,4,0,3,3,0,3,3
1393,Bundaberg,4,0,3,3,0,3,5,3,5,5
1396,Proserpine River,3,2,4,3,0,2,3,3,4,4
1397,Mareeba Dimbulah,3,5,5,5,0,3,4,3,3,2
1398,Proserpine River,4,4,4,4,4,4,4,4,4,4
1399,Upper Burnett,4,0,0,4,3,3,3,3,4,3
1401,Burdekin Haughton,2,3,3,3,3,3,3,3,3,3
1402,Lower Mary River,4,0,0,4,4,3,5,0,3,4
1405,Callide Valley,4,3,0,4,0,0,1,1,3,3
1407,Mareeba Dimbulah,3,3,4,4,0,0,3,0,0,3
1408,Upper Burnett,4,0,4,4,4,4,4,4,4,3
1409,Bundaberg,4,5,0,4,0,0,4,0,5,5
1410,Upper Burnett,4,4,4,4,4,4,4,3,4,4
1412,Bundaberg,3,0,3,3,0,2,4,0,3,4
1414,Burdekin Haughton,4,5,0,3,0,3,5,0,5,5
1415,Burdekin Haughton,4,5,0,5,0,5,5,0,5,5
1416,Bundaberg,4,4,0,4,0,4,4,4,4,4
1417,Dawson Valley,2,3,1,5,0,1,5,1,2,3
1418,Mareeba Dimbulah,3,4,5,4,2,0,4,0,2,3
1421,Mareeba Dimbulah,4,5,5,5,0,5,5,5,4,4
1424,Bundaberg,4,0,0,5,0,0,5,0,0,5
1428,Bundaberg,4,0,4,4,0,4,4,4,4,4
1429,Bundaberg,3,0,4,4,2,4,4,3,3,4
1430,Julius Dam,3,0,0,4,0,2,0,0,4,4
1431,Mareeba Dimbulah,3,3,4,4,3,0,1,3,2,2
1437,Bundaberg,4,4,0,3,0,3,4,3,4,4
1439,Upper Burnett,5,0,0,0,0,5,0,0,5,5
1440,Boyne River and Tarong,4,4,0,4,4,0,4,4,4,4
1441,Bundaberg,5,0,3,3,0,3,5,3,4,5
1443,Bundaberg,1,0,0,0,0,0,0,0,0,3
1444,Three Moon Creek,3,0,0,4,3,3,3,3,3,3
1446,Burdekin Haughton,4,4,4,4,4,4,4,4,4,4
1447,St George,4,2,3,0,0,0,2,0,3,4
1448,Bundaberg,3,3,1,3,0,1,4,0,4,4
1450,Boyne River and Tarong,5,0,0,4,0,0,4,0,5,5
1452,Bundaberg,3,0,0,5,0,2,4,0,3,4
1453,Barker Barambah,4,5,5,5,0,5,0,5,5,4
1454,Lower Mary River,5,0,0,4,0,0,0,0,0,4
1455,Bundaberg,4,5,0,4,0,4,4,4,4,4
1456,Dawson Valley,3,3,3,3,0,0,4,0,4,3
1457,Bundaberg,4,4,0,4,4,4,3,4,4,4
1458,Upper Burnett,3,0,4,4,0,3,4,4,4,3
1463,Upper Burnett,3,0,2,4,0,2,3,0,3,3
1464,Bundaberg,4,1,4,3,3,3,4,3,4,4
1465,Proserpine River,5,5,0,3,0,3,3,0,3,3
1466,Burdekin Haughton,4,5,0,4,0,3,0,3,3,4
1467,Burdekin Haughton,3,0,0,2,3,1,3,0,0,3
1468,Bundaberg,4,0,0,4,0,0,4,0,4,4
1471,Burdekin Haughton,4,3,3,3,3,3,3,3,3,4
1474,Mareeba Dimbulah,4,4,5,5,5,4,4,4,4,4
1475,Bundaberg,5,5,5,5,0,5,5,5,5,4
1479,Mareeba Dimbulah,3,4,4,4,2,3,4,2,3,3
1480,Mareeba Dimbulah,5,4,0,4,0,4,4,4,4,4
1481,Nogoa Mackenzie,5,4,4,4,4,4,4,4,4,5
1482,Nogoa Mackenzie,4,0,4,3,0,4,5,4,4,4
1484,Eton,4,5,5,4,4,4,5,5,5,4
1485,Bundaberg,5,5,4,5,5,5,5,5,5,5
1486,Bundaberg,3,3,5,4,0,3,3,3,3,3
1488,Burdekin Haughton,4,4,3,3,3,3,4,4,4,4
1489,Mareeba Dimbulah,3,0,0,3,0,0,2,0,0,3
1490,Bowen Broken Rivers,4,0,1,5,0,5,0,3,4,4
1491,Mareeba Dimbulah,4,4,4,4,4,4,0,0,4,4
1492,Mareeba Dimbulah,4,5,4,4,0,0,0,0,4,4
1494,Proserpine River,5,0,0,0,0,0,0,0,0,4
1496,Mareeba Dimbulah,5,0,0,4,4,0,0,0,4,4
1497,Bundaberg,3,0,4,3,0,3,3,0,3,3
1498,Burdekin Haughton,3,0,0,0,0,0,0,0,0,3
1499,Mareeba Dimbulah,3,0,0,3,3,0,4,0,0,4
1500,Upper Condamine,4,5,5,4,4,4,4,4,4,4
1502,Bundaberg,4,0,0,4,0,0,4,0,4,4
1503,Mareeba Dimbulah,3,3,0,4,0,2,4,2,3,3
1506,Eton,5,4,4,4,4,4,4,4,4,3
1509,Upper Burnett,4,4,4,4,4,4,4,4,4,4
1510,Bowen Broken Rivers,4,0,0,4,0,0,4,0,4,4
1511,Bundaberg,4,4,5,4,4,4,4,4,4,4
1512,Bundaberg,4,5,5,5,0,4,5,5,5,4
1513,Bundaberg,4,0,0,4,0,0,0,0,4,4
1515,Bundaberg,4,0,4,4,0,3,4,4,4,3
1516,Upper Burnett,3,0,0,5,0,3,0,0,2,3
1517,Bundaberg,4,0,0,4,0,4,4,4,4,4
1518,Bundaberg,4,0,4,4,0,3,4,0,4,4
1519,Burdekin Haughton,5,4,4,5,5,4,5,5,5,5
1520,Mareeba Dimbulah,5,5,0,5,0,5,5,0,5,5
1523,Bundaberg,2,0,4,2,0,0,4,4,4,4
1524,Proserpine River,4,0,0,0,0,0,0,0,0,5
1525,Mareeba Dimbulah,4,4,4,4,4,4,4,4,4,4
1526,Mareeba Dimbulah,3,0,0,4,0,0,4,3,3,3
1530,Mareeba Dimbulah,3,4,4,4,4,4,4,4,4,3
1531,Mareeba Dimbulah,3,0,0,4,3,0,0,0,4,3
1532,Burdekin Haughton,3,3,3,3,3,3,3,3,3,3
1534,Mareeba Dimbulah,4,4,4,4,4,4,4,4,4,4
1536,Chinchilla Weir,5,0,0,0,0,0,0,0,5,5
1538,Dawson Valley,4,0,0,4,4,4,0,0,4,3
1539,Mareeba Dimbulah,2,0,0,3,0,0,0,1,3,4
1540,Bundaberg,3,3,4,3,0,0,4,3,3,3
1541,Burdekin Haughton,5,5,5,5,5,5,5,5,5,5
1542,Eton,5,0,0,5,0,0,5,4,5,4
1543,Callide Valley,3,0,4,5,0,0,5,0,3,3
1544,Mareeba Dimbulah,4,3,2,3,3,3,4,3,3,3
1546,Mareeba Dimbulah,4,4,0,4,4,4,4,4,0,4
1547,St George,3,3,2,3,3,4,4,4,4,3
1548,Bundaberg,2,0,5,5,5,5,3,0,4,5
1550,Nogoa Mackenzie,4,4,4,4,4,4,4,4,4,4
1551,Upper Burnett,4,0,5,5,0,0,5,0,4,4
1552,Nogoa Mackenzie,4,4,4,4,4,4,4,4,4,4
1553,Burdekin Haughton,3,5,4,4,2,3,3,3,4,3
1554,Nogoa Mackenzie,5,4,4,4,4,4,4,4,4,4
1555,Dawson Valley,5,5,5,4,4,4,4,4,4,4
1556,Bundaberg,2,3,3,3,4,0,3,0,0,3
1557,Dawson Valley,4,4,4,4,4,4,4,4,4,4
1558,Boyne River and Tarong,3,5,0,4,0,0,5,4,4,4
1559,Upper Condamine,5,0,0,5,5,5,5,5,5,5
1561,St George,5,5,0,0,0,5,5,5,5,5
1562,Burdekin Haughton,1,2,3,3,3,1,3,1,3,2
1563,Macintyre Brook,4,3,3,3,3,1,0,0,3,3
1564,Chinchilla Weir,4,4,4,0,0,4,4,4,4,4
1565,Eton,3,0,3,5,0,0,1,2,0,3
1567,Barker Barambah,4,3,4,3,3,3,3,3,4,3
1568,Nogoa Mackenzie,5,0,0,5,0,0,5,5,5,4
1570,Eton,4,0,0,4,0,0,0,0,4,4
1571,Burdekin Haughton,4,3,3,3,3,2,4,4,3,4
1573,Macintyre Brook,4,4,4,4,0,0,0,0,4,4
1574,St George,4,5,5,3,0,2,4,2,3,4
1576,Boyne River and Tarong,2,2,3,3,3,1,3,0,3,2
1577,Bundaberg,4,0,0,3,0,0,3,3,3,3
1578,Upper Burnett,3,0,1,0,0,1,2,2,1,3
1579,Mareeba Dimbulah,5,5,4,5,5,5,0,0,5,4
1581,Three Moon Creek,3,0,3,3,3,3,4,3,4,3
1583,Dawson Valley,4,5,4,4,4,4,5,4,5,4
1586,Nogoa Mackenzie,4,3,3,3,3,3,3,3,3,4
1587,Mareeba Dimbulah,4,4,4,4,4,4,4,4,4,4
1589,Eton,3,0,0,3,0,1,3,3,3,2
1590,Bundaberg,3,3,3,3,3,3,4,3,3,3
1591,Mareeba Dimbulah,3,1,4,4,0,2,2,3,3,3
1592,Burdekin Haughton,4,0,3,1,0,2,3,3,3,4
1593,Bundaberg,3,4,5,3,0,1,1,2,4,3
1595,Bundaberg,4,0,0,5,0,0,5,5,5,4
1596,Bundaberg,4,0,0,4,4,4,4,4,4,4
1597,St George,4,0,5,4,0,5,5,0,5,4
1598,Bundaberg,4,0,0,5,0,5,5,5,5,4
1599,Lower Mary River,4,4,0,4,0,0,4,4,4,3
1600,Bundaberg,4,0,0,5,0,0,5,0,5,4
1602,Mareeba Dimbulah,3,0,4,4,0,0,4,0,3,3
1604,Callide Valley,4,0,0,4,0,0,0,0,0,4
1605,Eton,3,4,4,4,4,4,4,4,4,3
1606,Bundaberg,4,0,4,4,0,0,4,0,5,4
1607,Mareeba Dimbulah,4,4,4,4,0,4,4,4,4,4
1609,Eton,3,4,0,3,3,3,2,3,3,3
1611,Three Moon Creek,3,0,0,3,4,3,3,3,0,4
1612,Bundaberg,3,3,3,4,4,2,4,4,3,4
1613,Nogoa Mackenzie,3,0,0,3,0,1,2,2,2,4
1614,Upper Condamine,3,4,4,4,0,4,4,3,4,3
1617,Bundaberg,3,0,0,3,0,2,4,4,4,3
1618,Callide Valley,3,3,3,3,3,3,3,3,3,3
1619,Barker Barambah,3,4,0,4,3,0,4,4,3,3
1621,Nogoa Mackenzie,4,0,0,4,0,4,0,0,4,4
1622,Bundaberg,5,4,0,5,0,0,4,4,4,4
1624,Eton,4,4,4,4,2,3,4,4,4,4
1625,Pioneer River,4,0,0,3,0,3,0,0,2,2
1626,Bundaberg,3,5,5,5,5,3,5,5,5,5
1627,Nogoa Mackenzie,5,4,3,0,0,3,5,0,3,4
1628,Bundaberg,4,3,3,4,0,3,4,3,3,4
1629,Eton,2,0,4,4,0,2,5,4,4,4
1631,Mareeba Dimbulah,3,0,0,3,0,3,3,4,3,3
1632,Mareeba Dimbulah,5,4,0,5,0,0,0,0,0,4
1633,Boyne River and Tarong,4,4,0,4,0,3,3,0,4,4
1634,Mareeba Dimbulah,4,4,0,4,0,4,4,4,4,3
1635,St George,2,5,2,3,3,2,4,1,2,2
1637,Barker Barambah,4,4,0,4,0,4,0,4,4,4
1638,Mareeba Dimbulah,3,3,3,3,2,3,4,3,3,4
1640,Callide Valley,4,5,5,5,5,5,5,5,5,4
1642,Burdekin Haughton,5,5,5,5,5,5,5,5,5,5
1643,Three Moon Creek,3,0,0,4,0,0,4,0,0,4
1644,Eton,4,0,5,5,0,0,5,4,5,4
1645,Mareeba Dimbulah,3,3,1,5,5,1,5,5,1,1
1646,Burdekin Haughton,4,5,5,4,0,3,5,0,4,5
1647,Eton,3,2,3,2,0,3,3,2,3,3
1648,Eton,3,0,0,3,0,0,4,0,0,4
1649,Bundaberg,4,3,4,3,2,2,3,3,3,3
1650,Mareeba Dimbulah,4,4,4,4,0,3,4,3,4,4
1651,Upper Condamine,4,5,5,5,4,3,4,4,4,3
1652,Nogoa Mackenzie,5,4,5,4,5,4,5,0,5,5
1653,Upper Burnett,3,3,2,3,3,2,2,3,2,2
1658,Bundaberg,4,4,4,4,4,4,4,4,4,5
1659,Eton,3,0,0,1,0,0,3,0,0,3
1660,Burdekin Haughton,5,0,5,5,5,5,5,5,5,5
1661,Dawson Valley,3,0,4,3,3,3,4,3,3,4
1663,Bundaberg,1,0,3,0,0,1,5,0,3,3
1664,Boyne River and Tarong,4,4,2,4,2,3,4,0,3,3
1665,Three Moon Creek,5,0,0,5,0,4,0,3,4,4
1666,Upper Condamine,4,4,0,5,0,4,5,5,5,4
1667,Cunnamulla,5,4,0,4,0,0,0,0,4,4
1668,Eton,2,0,2,3,0,2,0,0,0,3
1669,Barker Barambah,2,4,4,4,4,4,3,3,3,3
1670,Nogoa Mackenzie,5,5,5,4,4,4,4,4,4,4
1671,Nogoa Mackenzie,4,4,4,4,4,4,4,4,4,4
1673,Bundaberg,4,4,0,4,0,0,4,4,4,4
1677,Bundaberg,4,0,3,4,4,1,4,0,3,4
1678,Burdekin Haughton,4,4,4,4,4,4,4,4,4,4
1679,Mareeba Dimbulah,3,0,0,4,0,0,4,0,3,4
1680,Mareeba Dimbulah,1,0,0,0,0,0,0,0,0,2
1681,Bundaberg,3,0,2,5,0,2,3,1,3,2
1682,Burdekin Haughton,3,3,4,3,3,3,3,3,3,2
1683,Burdekin Haughton,4,4,0,5,0,5,4,5,5,5
1684,Mareeba Dimbulah,2,1,0,1,1,1,1,0,1,3
1685,Mareeba Dimbulah,5,0,0,5,0,0,0,0,5,5
1686,Mareeba Dimbulah,4,4,0,5,0,5,5,5,5,4
1687,Mareeba Dimbulah,3,2,3,3,0,2,4,3,3,3
1689,Upper Burnett,5,4,4,4,4,4,5,4,4,4
1690,Upper Burnett,3,0,3,3,0,3,3,3,3,3
1692,Mareeba Dimbulah,4,4,4,4,0,4,4,4,4,4
1694,Mareeba Dimbulah,3,0,0,4,0,0,5,3,4,5
1695,Macintyre Brook,3,3,3,3,0,0,3,0,0,4
1697,Bundaberg,1,0,4,3,3,1,4,1,3,3
1698,Mareeba Dimbulah,4,4,4,4,0,4,4,4,4,4
1702,Mareeba Dimbulah,3,3,3,4,3,2,4,0,2,2
1704,Mareeba Dimbulah,4,0,4,4,0,0,4,0,5,4
1705,Mareeba Dimbulah,3,4,4,4,0,4,4,4,4,4
1707,Eton,4,4,4,4,3,4,4,3,4,4
1708,Mareeba Dimbulah,4,0,0,5,0,3,0,0,0,5
1711,Mareeba Dimbulah,3,0,0,4,3,4,3,3,3,4
1713,Burdekin Haughton,2,3,0,4,3,2,4,1,3,2
1715,Lower Mary River,4,4,5,5,0,4,0,4,4,3
1716,Mareeba Dimbulah,4,0,0,5,0,0,0,0,0,4
1717,Upper Condamine,5,4,4,4,4,5,3,4,4,4
1718,Bundaberg,2,2,2,4,2,1,3,3,2,3
1719,Dawson Valley,4,4,4,4,4,4,4,4,4,4
1721,Mareeba Dimbulah,4,3,4,4,0,3,0,0,3,3
1722,Bundaberg,2,0,4,4,0,3,4,0,2,2
1724,Bundaberg,3,0,4,4,0,2,4,0,3,3
1725,Mareeba Dimbulah,5,3,0,4,0,5,0,3,4,4
1726,Mareeba Dimbulah,5,4,0,4,0,4,4,0,4,4
1727,Mareeba Dimbulah,3,3,0,4,0,0,0,0,0,3
1728,Bundaberg,4,4,0,4,0,0,4,4,4,4
1729,Proserpine River,2,2,0,3,0,2,3,1,1,3
1730,Bundaberg,3,0,0,4,0,0,4,4,3,4
1733,Bowen Broken Rivers,3,0,0,4,0,0,0,0,4,4
1736,Mareeba Dimbulah,1,3,1,4,3,3,1,1,1,1
1738,Bundaberg,2,3,3,3,2,2,2,3,3,3
1739,Bundaberg,5,0,0,4,0,4,5,0,5,5
1740,Mareeba Dimbulah,4,4,0,4,0,4,4,4,4,4
1741,Bundaberg,5,4,5,5,4,5,5,5,5,5
1742,Burdekin Haughton,2,2,3,3,3,1,3,1,3,2
1743,Lower Mary River,5,5,5,5,5,5,5,5,5,5
1744,Mareeba Dimbulah,4,5,5,5,0,5,5,5,5,5
1745,Burdekin Haughton,5,5,5,5,5,5,5,5,5,5
1746,Bundaberg,3,3,3,4,3,3,3,3,4,5
1747,Eton,4,4,0,4,2,3,4,4,4,4
1748,Mareeba Dimbulah,3,0,0,4,1,1,3,0,2,2
1749,Mareeba Dimbulah,5,3,3,2,2,2,4,3,2,3
1750,Macintyre Brook,4,4,0,4,4,4,4,0,4,4
1752,Mareeba Dimbulah,4,0,0,4,0,0,4,4,4,3
1753,Mareeba Dimbulah,4,4,4,4,0,3,4,0,4,4
1754,Barker Barambah,5,4,4,4,4,4,4,4,4,4
1755,Eton,1,4,0,3,0,2,4,2,0,3
1756,Mareeba Dimbulah,1,1,1,1,0,1,0,1,1,2
1757,Mareeba Dimbulah,3,0,0,3,3,3,4,4,3,3
1758,Bundaberg,3,0,2,3,0,0,3,3,3,3
1760,Proserpine River,4,3,3,3,0,0,0,0,3,3
1761,St George,2,3,3,2,3,1,4,1,1,1
1762,Dawson Valley,3,4,4,4,0,1,4,0,4,2
1763,Bundaberg,3,0,0,4,0,4,4,4,4,4
1764,Burdekin Haughton,4,4,4,4,0,3,5,0,4,4
1765,Bundaberg,3,0,3,3,0,1,4,3,2,3
1766,Nogoa Mackenzie,5,4,3,5,2,2,5,4,5,5
1767,Burdekin Haughton,3,3,0,3,0,2,3,2,2,2
1768,Eton,4,0,0,4,4,4,4,4,4,5
1769,Barker Barambah,4,4,0,4,4,4,5,4,5,4
1770,Bundaberg,4,4,4,4,4,4,4,4,4,3
1771,Mareeba Dimbulah,4,0,0,4,0,0,4,0,4,4
1772,Mareeba Dimbulah,3,0,3,3,0,0,4,0,3,4
1773,Upper Burnett,4,5,4,4,4,4,4,0,4,4
1776,Bundaberg,5,0,5,0,0,0,4,3,5,4
1777,Burdekin Haughton,3,3,4,4,3,2,3,3,2,3
1779,Mareeba Dimbulah,2,4,4,4,4,3,4,4,4,4
1780,Mareeba Dimbulah,3,3,1,2,2,3,4,0,3,2
1781,Mareeba Dimbulah,5,5,4,5,4,5,4,4,4,4
1784,Lower Mary River,3,1,1,3,0,1,4,1,1,2
1785,Bundaberg,4,0,0,4,0,4,5,4,5,5
1786,Upper Burnett,3,0,2,4,0,3,4,3,3,3
1787,Chinchilla Weir,4,0,4,4,0,4,4,4,4,4
1788,Eton,3,3,4,3,0,1,2,0,1,2
1790,Bundaberg,2,0,0,2,2,0,3,0,1,1
1792,Burdekin Haughton,3,4,0,4,3,4,4,3,3,3
1794,Three Moon Creek,4,0,4,4,4,4,4,3,3,5
1795,Bundaberg,3,4,4,4,0,0,5,4,4,4
1797,Mareeba Dimbulah,3,4,0,4,0,0,0,0,5,4
1798,Macintyre Brook,4,3,4,3,4,3,4,3,3,3
1799,Bundaberg,4,0,0,4,0,0,4,3,4,3
1800,Mareeba Dimbulah,4,5,3,4,4,4,5,5,4,5
1801,Mareeba Dimbulah,3,4,0,4,0,0,4,4,4,4
1802,Burdekin Haughton,4,0,0,4,0,4,0,0,0,3
1803,Burdekin Haughton,3,5,5,5,2,2,5,4,2,3
1805,Nogoa Mackenzie,4,0,5,5,4,4,5,0,4,4
1807,Barker Barambah,2,3,0,3,0,3,3,3,3,3
1808,Mareeba Dimbulah,3,4,4,4,4,4,4,3,4,2
1811,Lower Mary River,5,5,4,4,5,4,5,4,5,5
1812,Bundaberg,4,4,4,4,4,4,4,4,4,4
1813,Nogoa Mackenzie,1,5,3,3,0,3,4,3,3,3
1814,Dawson Valley,2,3,3,2,3,1,2,1,1,1
1815,Bundaberg,3,3,3,3,0,2,4,4,4,4
1816,Mareeba Dimbulah,3,0,0,3,0,0,4,0,3,3
1817,Mareeba Dimbulah,5,5,4,4,4,4,4,4,5,4
1818,Nogoa Mackenzie,5,4,5,5,5,5,5,5,5,5
1819,Mareeba Dimbulah,4,4,4,4,4,4,4,4,4,4
1820,Mareeba Dimbulah,5,5,5,5,0,5,0,0,5,5
1821,Mareeba Dimbulah,4,4,4,4,4,4,4,4,4,5
1822,Mareeba Dimbulah,4,4,4,4,4,4,4,4,4,4
1823,Dawson Valley,4,5,5,5,5,5,5,5,5,4
1825,Burdekin Haughton,4,5,5,5,5,4,4,4,5,4
1826,Upper Condamine,3,0,0,0,0,0,3,0,0,3
1829,Burdekin Haughton,4,0,0,4,0,0,4,3,4,4
1830,Mareeba Dimbulah,5,0,0,4,0,0,0,0,4,4
1831,Bundaberg,4,0,0,4,0,0,4,0,4,4
1832,Cunnamulla,4,4,4,4,3,4,4,4,4,4
1833,Mareeba Dimbulah,5,4,4,4,0,0,0,0,4,4
1834,Three Moon Creek,3,0,0,3,0,2,4,2,2,3
1837,Bundaberg,3,0,4,4,0,3,4,3,4,3
1838,Bundaberg,4,0,4,4,0,5,4,4,5,4
1839,Mareeba Dimbulah,3,4,4,4,0,0,0,4,4,4
1840,Upper Condamine,3,3,4,5,0,0,3,0,0,3
1841,Bundaberg,5,0,5,5,5,1,5,5,5,3
1842,Mareeba Dimbulah,3,0,0,4,0,0,4,3,3,3
1843,Bundaberg,5,0,4,4,0,4,4,4,4,4
1844,Burdekin Haughton,2,0,0,1,0,3,3,0,3,3
1845,Mareeba Dimbulah,5,5,5,3,0,3,0,3,5,5
1846,Bundaberg,5,0,4,4,0,0,5,5,5,4
1847,Bowen Broken Rivers,4,0,0,4,4,4,4,4,4,4
1850,Callide Valley,4,3,3,3,3,3,3,3,3,3
1852,Boyne River and Tarong,4,0,0,4,4,4,0,0,4,4
1853,Lower Mary River,4,0,3,4,0,3,4,4,4,4
1854,Nogoa Mackenzie,3,0,0,3,0,3,5,0,4,4
1855,Boyne River and Tarong,3,0,0,3,0,0,4,3,0,3
1856,Bundaberg,5,5,5,5,5,5,5,5,5,5
1858,St George,3,4,3,3,0,3,3,3,3,4
1859,Maranoa River,3,3,4,4,3,3,5,3,3,3
1860,Dawson Valley,3,3,3,3,3,3,3,3,3,3
1861,Barker Barambah,4,4,3,4,4,3,5,3,3,4
1862,Dawson Valley,3,0,4,2,1,2,3,2,3,3
1863,Burdekin Haughton,4,5,4,4,0,3,4,4,4,4
1864,Mareeba Dimbulah,3,4,0,4,0,0,4,3,3,3
1866,Mareeba Dimbulah,3,3,0,3,0,3,3,4,3,3
1867,Boyne River and Tarong,4,0,0,3,0,0,0,0,0,3
1868,Macintyre Brook,4,5,4,4,4,4,4,4,4,4
1869,St George,3,0,0,4,0,0,4,0,0,4
1872,Bundaberg,4,4,4,4,4,4,4,4,5,5
1873,Eton,3,4,0,2,0,0,4,0,4,4
1874,Burdekin Haughton,4,0,0,4,0,0,4,0,4,4
1875,Bundaberg,3,0,0,2,2,0,3,1,1,2
1876,Barker Barambah,3,3,0,3,0,4,3,3,2,3
1877,Burdekin Haughton,4,5,0,4,0,4,4,4,4,4
1879,Callide Valley,4,4,3,4,0,2,4,4,2,3
1883,Burdekin Haughton,2,4,4,4,1,2,4,3,3,3
1885,Lower Mary River,5,0,0,4,4,4,4,4,4,4
1886,Dawson Valley,4,5,5,5,0,0,3,4,5,5
1887,Mareeba Dimbulah,5,5,0,4,0,4,4,4,4,4
1890,Mareeba Dimbulah,4,4,4,5,4,3,5,4,4,4
1891,Boyne River and Tarong,3,0,0,3,0,3,5,0,4,4
1892,Nogoa Mackenzie,4,0,5,5,0,4,4,4,4,4
1893,Mareeba Dimbulah,4,3,3,3,3,3,3,3,3,3
1894,Upper Condamine,5,5,5,5,0,4,5,0,5,4
1895,Bundaberg,4,0,0,4,0,0,4,4,4,4
1896,Mareeba Dimbulah,4,3,4,4,0,4,4,4,3,4
1898,Eton,4,4,3,4,3,3,4,4,4,3
1899,Nogoa Mackenzie,4,4,4,3,3,3,4,3,3,3
1900,Mareeba Dimbulah,5,0,0,5,0,5,5,0,5,5
1902,Mareeba Dimbulah,4,0,5,5,0,0,4,0,0,4
1903,Upper Burnett,3,3,0,3,3,2,2,2,3,3
1905,Bundaberg,4,0,5,5,0,2,5,0,4,5
1906,Nogoa Mackenzie,2,3,4,3,0,0,0,2,4,3
1907,Barker Barambah,3,4,0,4,0,3,4,4,4,4
1908,Bundaberg,5,0,5,5,5,5,5,4,5,4
1909,Burdekin Haughton,2,4,5,5,5,3,3,3,3,2
1911,Proserpine River,4,3,4,4,4,4,4,4,4,4
1912,Boyne River and Tarong,3,0,0,3,0,0,0,0,0,2
1913,St George,4,0,4,4,4,4,5,4,4,4
1915,Burdekin Haughton,3,4,3,4,4,4,5,3,3,3
1916,Mareeba Dimbulah,4,0,4,4,0,0,0,0,5,4
1917,Eton,4,5,4,5,4,5,5,4,5,4
1918,Mareeba Dimbulah,2,2,3,1,0,3,3,1,0,2
1919,Mareeba Dimbulah,3,3,4,3,3,3,3,3,3,3
1920,Mareeba Dimbulah,3,0,0,3,0,0,3,3,3,3
1922,Mareeba Dimbulah,5,3,4,4,0,0,0,0,4,4
1924,Burdekin Haughton,2,4,0,4,0,3,4,0,3,4
1926,Lower Mary River,5,4,4,4,4,4,5,4,5,4
1927,Mareeba Dimbulah,3,0,4,4,0,0,5,3,3,4
1928,Dawson Valley,4,3,0,3,3,3,4,3,3,4
1929,Lower Mary River,3,0,4,4,4,4,4,0,4,4
1930,Proserpine River,3,2,4,3,3,3,3,0,4,3
1932,Upper Condamine,4,4,3,3,0,3,2,3,3,3
1934,Lower Mary River,5,0,0,5,0,5,5,5,5,5
1935,Bundaberg,3,4,3,3,3,5,2,0,3,3
1937,Mareeba Dimbulah,4,4,4,4,0,3,4,4,4,4
1938,Bundaberg,5,5,5,5,5,5,5,5,5,5
1939,Boyne River and Tarong,5,0,0,4,0,0,4,0,4,4
1940,Mareeba Dimbulah,3,3,3,3,3,3,3,3,3,4
1941,Eton,3,3,2,3,3,2,4,3,3,3
1942,Bundaberg,3,3,3,3,3,3,3,3,3,3
1943,St George,5,0,5,5,5,0,5,5,5,5
1944,Dawson Valley,2,3,3,1,0,3,4,1,1,1
1945,Mareeba Dimbulah,3,3,0,4,0,3,3,3,2,3
1946,Mareeba Dimbulah,4,0,4,4,0,0,4,4,4,4
1947,Callide Valley,4,0,0,3,0,0,0,0,3,3
1948,Bundaberg,4,0,0,4,0,0,0,0,0,5
1949,Bundaberg,3,0,3,3,3,3,3,0,3,3
1950,Upper Burnett,3,0,0,4,0,2,4,2,3,2
1951,Barker Barambah,2,3,3,3,3,2,3,3,3,3
1952,St George,4,0,0,0,0,0,5,0,4,4
1954,Burdekin Haughton,4,4,4,4,4,4,4,4,4,3
1955,Mareeba Dimbulah,4,0,4,5,0,3,3,4,4,4
1957,Barker Barambah,3,3,0,4,3,0,1,3,3,3
1958,Burdekin Haughton,3,0,0,3,0,0,3,0,0,3
1959,Bundaberg,5,5,5,4,4,4,4,4,4,4
1960,Mareeba Dimbulah,4,4,4,4,4,3,4,4,4,4
1961,St George,4,0,0,0,0,4,4,3,3,3
1962,Nogoa Mackenzie,4,0,0,4,0,0,4,0,0,4
1964,St George,4,5,5,5,4,4,4,4,5,4
1965,Bundaberg,4,0,4,4,4,2,4,4,4,4
1966,Bundaberg,4,0,0,4,0,0,4,0,0,4
1967,Mareeba Dimbulah,3,4,4,3,4,3,4,3,4,3
1968,Barker Barambah,3,0,0,3,0,0,4,3,3,3
1969,Bundaberg,1,0,0,1,0,1,3,3,1,2
1970,Eton,3,3,4,3,3,3,4,3,3,3
1971,Callide Valley,4,0,3,4,0,4,4,0,0,4
1972,Boyne River and Tarong,4,0,0,4,0,4,4,0,4,5
1973,Callide Valley,4,5,5,5,0,3,4,3,4,4
1974,Burdekin Haughton,3,0,0,3,2,1,0,0,0,2
1975,Dawson Valley,3,3,3,4,4,3,4,3,3,4
1976,Bundaberg,4,0,4,2,0,4,4,4,4,3
1978,Eton,2,1,1,3,0,1,3,0,1,2
1979,Lower Mary River,2,1,1,1,1,1,1,0,1,1
1980,Burdekin Haughton,3,4,4,4,4,4,4,4,4,4
1981,Macintyre Brook,3,3,3,2,0,1,1,1,2,3
1982,Burdekin Haughton,4,5,0,3,0,4,4,4,4,4
1983,Mareeba Dimbulah,3,0,0,4,0,0,4,0,4,4
1985,Callide Valley,3,0,0,3,0,0,3,0,3,4
1986,Mareeba Dimbulah,2,4,3,3,3,3,4,4,4,4
1987,Bundaberg,4,0,4,4,0,0,4,4,4,4
1988,Mareeba Dimbulah,3,4,3,4,3,2,3,2,3,3
1989,Bundaberg,2,1,1,1,1,1,1,1,1,2
1991,Dawson Valley,4,4,3,3,2,3,3,3,4,4
1992,Lower Mary River,5,0,0,5,0,0,4,0,4,5
1993,Mareeba Dimbulah,3,0,0,4,4,3,4,3,4,4
1994,Callide Valley,3,0,3,3,0,1,2,0,1,1
1995,Bundaberg,5,0,0,5,0,3,3,3,3,4
1996,Mareeba Dimbulah,4,5,5,5,0,4,5,0,5,5
1998,Bundaberg,4,0,0,0,0,0,0,0,4,4
1999,Eton,5,4,4,5,5,4,5,5,5,4
2000,Upper Condamine,1,0,0,0,0,0,3,0,1,2
2002,Mareeba Dimbulah,4,0,0,4,0,0,4,4,4,4
2003,Nogoa Mackenzie,4,0,0,4,4,0,4,0,4,5
2004,Lower Fitzroy,5,5,5,4,0,4,0,4,5,4
2005,Bundaberg,4,0,5,5,0,3,4,0,5,4
2006,Bundaberg,3,0,4,5,0,4,4,4,4,3
2008,Upper Burnett,4,0,4,4,0,0,4,4,4,4
2009,Mareeba Dimbulah,4,4,4,4,4,4,4,4,4,3
2010,Macintyre Brook,4,4,4,0,0,4,2,0,4,4
2012,Mareeba Dimbulah,3,4,0,3,0,0,3,0,3,4
2013,Bundaberg,4,4,0,5,0,0,4,4,4,4
2014,Mareeba Dimbulah,4,0,0,4,0,0,4,4,4,4
2015,Callide Valley,3,4,5,4,0,0,4,0,0,3
2016,Mareeba Dimbulah,4,4,4,3,0,3,4,3,4,3
2017,Mareeba Dimbulah,5,0,0,5,0,0,5,0,5,5
2018,Barker Barambah,3,3,3,3,0,3,4,3,3,3
2019,Eton,3,0,0,3,0,0,3,0,0,4
2020,Lower Mary River,1,0,5,5,5,5,5,3,5,5
2021,Bundaberg,4,5,4,4,4,4,4,4,4,3
2022,Chinchilla Weir,3,0,4,3,0,3,4,0,3,3
2023,Bundaberg,5,0,0,5,0,0,5,0,5,5
2024,Burdekin Haughton,4,4,0,3,3,4,4,0,3,4
2025,Bundaberg,5,4,0,4,0,4,4,4,4,4
2026,Macintyre Brook,2,0,3,3,0,0,0,0,0,3
2030,Callide Valley,4,0,3,3,0,0,1,1,4,4
2033,Bundaberg,2,3,3,3,0,2,4,4,4,4
2034,Bundaberg,4,0,4,4,0,4,5,4,4,4
2035,Bundaberg,3,0,3,3,0,2,4,4,3,3
2036,Three Moon Creek,4,0,0,3,0,4,4,0,5,4
2039,Proserpine River,3,3,3,3,3,3,3,3,3,3
2040,Bundaberg,4,0,0,5,0,4,5,0,4,4
2041,Burdekin Haughton,3,3,0,3,0,1,0,1,3,4
2043,Upper Burnett,4,4,4,4,4,4,4,4,4,4
2044,Nogoa Mackenzie,4,4,5,4,0,4,5,0,5,4
2045,Burdekin Haughton,4,4,4,4,3,4,4,4,4,4
2046,Barker Barambah,3,2,0,1,0,0,4,1,1,1
2047,Lower Mary River,5,0,0,5,0,0,4,0,0,4
2049,St George,4,0,4,4,0,4,5,0,4,4
2050,Burdekin Haughton,3,4,4,4,4,4,4,4,4,4
2051,Upper Condamine,3,0,0,5,0,0,5,0,3,3
2052,Nogoa Mackenzie,5,5,5,5,5,5,5,0,5,5
2054,Burdekin Haughton,3,0,0,3,0,0,0,0,3,3
2055,Eton,3,0,0,3,0,2,3,3,3,3
2057,Bundaberg,5,3,4,4,5,4,4,4,4,5
2059,Burdekin Haughton,4,0,0,4,0,1,0,1,4,4
2060,Bundaberg,4,0,0,3,0,0,4,0,4,5
2061,Proserpine River,5,4,4,4,0,4,4,4,4,3
2062,Boyne River and Tarong,5,5,5,5,5,4,5,5,5,5
2064,Barker Barambah,5,0,0,4,0,0,4,0,4,4
2065,Bundaberg,4,3,3,3,3,3,3,3,3,4
2066,Bundaberg,2,2,2,4,2,1,3,3,2,2
2068,Mareeba Dimbulah,2,3,2,2,2,2,3,1,2,3
2069,Mareeba Dimbulah,4,5,5,4,0,4,4,4,4,4
2072,Nogoa Mackenzie,5,5,0,4,0,5,5,0,5,5
2074,Mareeba Dimbulah,4,0,0,3,0,0,5,5,5,4
2075,Upper Condamine,4,5,0,2,3,5,5,4,5,4
2076,Three Moon Creek,3,2,0,4,0,3,4,3,4,4
2077,Burdekin Haughton,3,4,4,4,5,3,4,3,3,3
2079,Bundaberg,4,4,4,3,0,0,4,0,4,4
2080,Bundaberg,4,0,0,5,0,4,4,3,3,4
2081,Chinchilla Weir,4,4,4,4,4,4,4,4,4,5
2082,Barker Barambah,3,0,0,3,0,3,0,0,0,3
2083,Callide Valley,2,0,3,2,1,1,3,3,2,3
2084,Upper Burnett,1,3,3,2,0,0,1,1,3,3
2085,Barker Barambah,4,5,5,5,5,5,5,5,5,4
2086,Nogoa Mackenzie,2,0,1,3,0,0,4,0,1,3
2087,Bundaberg,2,0,0,3,0,2,3,2,1,1
2088,Burdekin Haughton,4,3,3,3,0,3,3,3,3,4
2090,Burdekin Haughton,4,5,0,4,3,3,4,3,3,3
2091,Mareeba Dimbulah,2,3,3,3,3,3,2,2,1,3
2092,Lower Mary River,4,0,0,4,0,0,4,4,3,4
2094,Three Moon Creek,4,0,5,5,0,4,4,4,4,4
2095,Boyne River and Tarong,3,0,0,4,3,0,4,0,0,4
2098,Bundaberg,4,4,5,5,4,4,4,4,4,5
2099,Boyne River and Tarong,3,0,0,4,0,3,0,0,3,3
2100,Mareeba Dimbulah,1,0,0,0,0,0,0,0,0,1
2102,Bundaberg,2,0,3,1,1,1,3,1,1,2
2104,Mareeba Dimbulah,4,3,5,4,3,3,3,3,3,4
2106,Lower Fitzroy,4,0,0,3,3,3,3,0,3,3
2107,Boyne River and Tarong,4,0,0,4,0,4,4,0,0,4
2108,Burdekin Haughton,1,1,0,2,3,1,1,1,1,1
2109,Lower Mary River,3,0,4,4,0,3,4,4,4,3
2110,Cunnamulla,4,0,0,3,0,0,3,0,3,5
2112,Boyne River and Tarong,3,0,2,3,3,3,3,2,2,3
2113,Mareeba Dimbulah,4,0,0,4,0,0,4,0,4,4
2114,Dawson Valley,5,5,5,5,5,5,0,5,5,5
2115,Mareeba Dimbulah,3,3,0,1,0,4,5,3,4,3
2116,Nogoa Mackenzie,3,3,3,3,0,3,4,3,2,3
2117,Burdekin Haughton,3,4,3,4,0,1,4,2,3,3
2118,Callide Valley,1,0,4,3,0,3,3,1,1,2
2119,Mareeba Dimbulah,4,0,3,3,0,2,4,4,3,4
2120,Dawson Valley,5,0,0,0,5,5,0,0,0,4
2121,Burdekin Haughton,4,0,0,5,0,4,5,4,4,4
2122,Barker Barambah,2,2,2,1,1,1,1,1,1,1
2123,Mareeba Dimbulah,3,2,3,4,0,3,4,3,3,3
2124,Burdekin Haughton,4,4,0,4,4,4,4,4,4,4
2127,Upper Burnett,3,0,0,4,0,3,5,0,4,4
2128,Burdekin Haughton,4,4,0,4,4,4,4,4,4,4
2129,Proserpine River,4,4,4,4,0,4,5,4,4,4
2131,Bundaberg,4,0,5,4,0,3,5,0,5,4
2132,Dawson Valley,1,0,0,0,0,1,3,1,1,1
2133,Mareeba Dimbulah,3,4,4,4,4,4,3,3,3,3
2135,Bundaberg,5,0,5,4,0,0,5,3,5,5
2137,Bundaberg,5,0,4,4,4,4,4,4,4,4
2138,Eton,1,1,1,1,0,1,1,1,2,3
2140,Barker Barambah,3,5,5,5,0,1,5,3,4,5
2141,Bundaberg,4,0,4,4,0,4,4,4,4,4
2142,Lower Mary River,5,4,4,4,4,3,4,4,4,4
2146,Mareeba Dimbulah,4,0,0,4,0,0,5,0,0,4
2147,Chinchilla Weir,4,0,0,0,3,0,4,0,0,4
2148,Boyne River and Tarong,4,3,3,3,3,3,4,3,3,4
2149,Three Moon Creek,4,0,0,0,0,0,0,0,0,3
2150,Nogoa Mackenzie,4,0,0,4,4,4,4,4,4,4
2151,Bundaberg,3,0,0,2,0,0,3,3,2,3
2153,Eton,3,3,1,3,3,3,4,3,3,3
2154,Mareeba Dimbulah,4,0,0,5,4,0,4,4,4,3
2155,Upper Burnett,4,4,4,3,4,3,4,3,3,4
2156,Bundaberg,4,4,4,4,0,0,5,0,4,4
2157,Mareeba Dimbulah,2,2,3,3,0,2,3,3,3,3
2158,Bundaberg,3,0,0,3,0,2,4,3,3,3
2159,Nogoa Mackenzie,4,0,0,3,4,0,4,0,0,4
2160,Macintyre Brook,4,4,3,4,4,4,3,3,4,4
2161,St George,2,0,0,2,1,0,3,2,2,2
2162,Burdekin Haughton,3,3,0,3,3,1,3,2,1,2
2163,Dawson Valley,4,3,4,4,5,5,5,4,5,3
2164,Macintyre Brook,5,5,5,5,0,4,5,5,5,4
2167,Burdekin Haughton,3,4,3,2,3,2,3,4,2,3
2168,Pioneer River,3,4,4,4,0,3,3,4,4,3
2169,Julius Dam,4,4,4,4,0,0,0,0,4,4
2170,Bundaberg,4,0,0,4,0,4,5,0,5,5
2171,Lower Mary River,3,3,2,3,2,3,3,3,3,3
2172,Burdekin Haughton,4,4,4,4,1,3,4,4,5,4
2173,Callide Valley,3,0,0,3,5,3,4,3,3,3
2174,Mareeba Dimbulah,4,4,4,4,0,4,4,4,4,4
2175,Burdekin Haughton,5,5,4,4,0,3,3,3,4,4
2177,Bundaberg,3,0,5,5,0,0,5,0,5,4
2179,St George,4,4,4,4,0,4,4,4,4,3
2180,Mareeba Dimbulah,1,2,0,4,0,3,1,2,2,3
2181,Lower Mary River,4,0,0,4,0,0,4,4,4,4
2183,Proserpine River,4,4,0,4,0,4,4,4,4,4
2184,Mareeba Dimbulah,3,3,0,3,0,2,4,2,3,3
2185,Bundaberg,5,0,4,4,0,3,4,4,4,4
2187,Bundaberg,5,4,4,4,4,4,4,4,4,5
2188,Nogoa Mackenzie,4,3,3,3,3,3,3,3,3,3
2189,Mareeba Dimbulah,4,4,0,4,0,4,4,4,4,4
2190,Burdekin Haughton,2,2,0,3,0,1,3,1,2,2
2191,Mareeba Dimbulah,5,4,4,4,4,4,5,4,5,4
2193,Bundaberg,2,0,0,5,3,2,4,3,3,3
2194,Bundaberg,4,3,3,4,0,2,4,4,4,4
2195,Nogoa Mackenzie,4,4,0,4,4,4,5,4,5,5
2196,Mareeba Dimbulah,4,3,4,4,0,3,4,4,4,4
2197,Burdekin Haughton,3,2,3,3,3,3,3,3,3,3
2198,Bundaberg,4,4,4,4,4,4,4,4,4,4
2199,Eton,4,4,0,4,0,4,4,4,4,3
2201,Upper Burnett,3,3,4,3,0,2,4,2,3,4
2202,Mareeba Dimbulah,3,2,5,5,0,3,4,4,3,3
2203,Cunnamulla,3,0,0,4,4,2,4,0,4,4
2204,Bundaberg,4,0,4,4,0,4,4,4,4,4
2205,Upper Burnett,1,1,1,1,1,1,1,1,1,2
2206,Mareeba Dimbulah,4,4,4,4,4,4,4,4,4,4
2207,Dawson Valley,2,4,3,4,0,1,4,2,2,3
2208,Mareeba Dimbulah,3,4,0,4,0,2,5,3,3,3
2209,Boyne River and Tarong,3,0,0,1,0,3,4,0,4,3
2210,Mareeba Dimbulah,4,0,4,4,0,0,4,0,4,3
2211,Proserpine River,4,4,4,4,4,4,4,4,4,4
2213,Upper Burnett,4,0,0,4,0,0,2,0,2,3
2214,Mareeba Dimbulah,1,1,0,1,0,1,1,1,1,1
2215,Barker Barambah,4,4,0,3,0,3,3,0,4,4
2216,Mareeba Dimbulah,5,5,0,3,5,5,5,4,5,5
2217,Bowen Broken Rivers,4,0,0,0,0,4,0,0,4,4
2219,Callide Valley,4,0,3,4,0,5,0,0,4,4
2221,Bundaberg,4,0,0,4,0,0,5,0,4,4
2222,Mareeba Dimbulah,5,0,0,5,0,0,5,5,5,5
2223,Nogoa Mackenzie,4,4,4,4,4,4,4,4,5,4
2225,Burdekin Haughton,4,0,0,4,0,0,4,3,4,5
2227,Mareeba Dimbulah,4,0,5,5,0,0,0,3,3,4
2228,Bundaberg,4,0,4,4,0,1,2,3,4,4
2229,Nogoa Mackenzie,4,5,5,5,4,5,4,4,5,4
2230,Bundaberg,4,4,4,4,4,0,4,4,4,4
2231,Eton,1,0,0,2,0,2,0,0,0,3
2233,Nogoa Mackenzie,3,3,2,4,3,2,4,3,3,3
2235,Bundaberg,3,4,4,4,4,4,4,4,4,3
2237,Barker Barambah,4,4,4,3,3,3,3,3,4,4
2238,Bundaberg,4,0,4,4,0,3,4,3,4,4
2239,Bundaberg,5,5,4,5,5,4,5,5,5,4
2240,Barker Barambah,4,0,0,0,0,0,4,0,4,4
2241,Mareeba Dimbulah,4,4,4,4,4,4,4,0,4,4
2242,Bundaberg,2,3,3,3,3,2,4,2,1,3
2244,Mareeba Dimbulah,4,0,3,3,3,3,3,3,4,3
2245,Boyne River and Tarong,3,0,0,3,0,3,5,3,3,3
2246,Callide Valley,3,0,0,4,0,0,0,0,0,4
2247,Mareeba Dimbulah,4,0,2,4,0,3,4,4,3,3
2249,Bundaberg,3,4,4,2,4,3,4,4,4,4
2252,Dawson Valley,3,0,3,3,0,0,4,3,4,3
2255,Burdekin Haughton,5,3,0,4,0,5,3,0,5,5
2256,St George,3,0,0,4,3,0,2,0,0,3
2260,Bundaberg,2,0,0,5,4,2,4,3,3,3
2261,Bundaberg,3,0,5,4,0,0,5,0,5,4
2262,Bundaberg,2,0,0,3,0,3,5,4,3,3
2264,Bowen Broken Rivers,4,0,0,4,2,3,0,0,4,3
2266,Mareeba Dimbulah,4,0,0,4,0,0,0,0,4,4
2269,Bundaberg,4,0,4,3,4,4,4,4,4,4
2270,Bundaberg,4,0,4,3,0,3,4,4,4,4
2271,Upper Burnett,5,0,5,5,4,5,5,3,4,4
2273,Callide Valley,3,3,3,3,3,3,3,3,3,3
2274,Mareeba Dimbulah,3,4,0,3,0,3,3,3,3,3
2275,Callide Valley,4,0,0,3,3,2,4,4,4,3
2279,Bundaberg,4,3,4,4,3,3,4,4,3,3
2280,Proserpine River,4,3,4,4,0,3,4,4,4,4
2281,Upper Condamine,4,4,4,3,0,4,4,4,4,4
2282,Mareeba Dimbulah,4,4,0,4,0,4,0,4,4,4
2283,Callide Valley,2,2,3,3,3,3,2,3,3,3
2285,Mareeba Dimbulah,4,4,0,4,0,4,3,4,4,4
2287,Callide Valley,3,0,3,3,4,3,2,3,3,3
2289,Barker Barambah,2,5,3,1,3,1,4,4,5,3
2291,Barker Barambah,1,3,3,3,3,1,3,1,2,3
2292,Bundaberg,5,2,1,5,0,5,3,3,5,5
2294,Bundaberg,3,0,0,3,3,4,4,4,4,4
2296,Boyne River and Tarong,4,0,0,4,3,3,4,4,4,4
2297,Bundaberg,2,5,5,5,5,1,5,5,5,5
2300,Mareeba Dimbulah,5,5,5,5,5,5,5,5,5,5
2301,Barker Barambah,2,4,4,4,3,4,3,4,4,4
2302,Bundaberg,2,0,0,2,0,2,3,3,2,3
2303,Bundaberg,4,0,0,4,0,4,5,4,3,4
2305,Burdekin Haughton,3,0,0,0,0,3,0,0,3,3
2306,Mareeba Dimbulah,3,3,3,4,0,3,5,4,4,4
2307,Bundaberg,4,5,5,5,5,5,5,5,5,5
2308,Burdekin Haughton,5,5,0,4,4,4,4,4,4,4
2309,Cunnamulla,2,0,2,3,0,0,1,3,2,3
2311,Mareeba Dimbulah,4,4,4,4,4,4,4,4,4,4
2312,Mareeba Dimbulah,3,3,2,4,3,3,3,3,3,4
2313,Bundaberg,5,5,5,5,0,0,5,5,5,4
2314,Mareeba Dimbulah,5,2,3,4,4,2,4,2,2,3
2315,Mareeba Dimbulah,4,0,0,5,0,0,5,5,5,4
2316,Burdekin Haughton,3,0,0,3,0,1,3,0,1,2
2317,Bundaberg,3,0,3,3,0,2,4,4,4,3
2318,Bundaberg,4,0,4,5,0,4,5,4,4,4
2320,Three Moon Creek,3,0,4,4,0,4,4,3,3,3
2321,Three Moon Creek,3,0,0,4,4,3,3,3,3,4
2322,Mareeba Dimbulah,4,4,4,4,4,4,4,4,4,4
2323,St George,4,5,5,5,3,4,5,5,5,4
2324,Bundaberg,4,3,4,3,3,3,4,4,4,4
2326,Proserpine River,3,4,4,4,0,3,3,1,3,4
2327,Lower Mary River,5,0,5,5,0,5,0,4,5,4
2328,Upper Burnett,3,0,4,3,0,3,3,3,3,3
2329,Boyne River and Tarong,3,0,4,4,0,0,3,3,3,3
2332,Mareeba Dimbulah,4,4,4,4,4,4,4,4,4,4
2333,Bundaberg,3,3,3,3,0,3,3,0,3,3
2334,Bundaberg,3,3,4,4,0,3,4,4,4,4
2336,Mareeba Dimbulah,4,0,0,0,0,0,0,0,0,4
2337,Boyne River and Tarong,4,4,4,4,3,3,4,4,3,3
2338,Bundaberg,5,5,5,5,5,5,5,5,5,5
2340,Burdekin Haughton,3,4,4,4,4,3,4,4,4,4
2342,Bundaberg,4,0,0,4,4,3,0,4,4,4
2343,Bundaberg,4,0,4,4,0,0,5,0,5,4
2344,Upper Burnett,4,4,0,0,0,0,4,3,3,4
2345,Bundaberg,5,4,4,4,4,4,4,4,4,4
2346,Nogoa Mackenzie,5,5,5,5,0,0,5,5,5,5
2347,Burdekin Haughton,3,4,3,4,3,3,4,2,3,3
2348,Mareeba Dimbulah,1,4,4,4,0,1,2,0,0,2
2349,Upper Burnett,3,0,0,3,3,3,3,2,1,3
2350,Julius Dam,4,4,4,4,0,0,0,4,0,4
2351,Bundaberg,4,3,3,4,3,3,4,4,4,3
2352,St George,4,4,4,4,4,4,4,4,4,4
2354,Bundaberg,3,0,0,3,3,2,3,1,2,3
2356,Bundaberg,4,0,4,5,0,4,5,5,5,4
2357,Burdekin Haughton,4,4,0,4,4,4,4,0,4,4
2358,Burdekin Haughton,3,3,4,4,5,3,3,3,3,3
2360,Bundaberg,1,3,3,3,3,1,3,2,2,1
2361,Barker Barambah,4,0,0,0,3,4,4,4,4,4
2362,Nogoa Mackenzie,4,4,4,4,4,3,4,3,4,4
2364,Bundaberg,4,0,4,3,4,4,4,5,4,4
2365,Upper Burnett,4,4,4,4,0,0,3,3,4,3
2366,Bundaberg,3,0,4,4,0,2,0,3,4,4
2367,Mareeba Dimbulah,4,0,0,4,0,3,4,3,4,4
2368,Burdekin Haughton,4,3,0,3,3,3,3,3,3,3
2369,Bundaberg,3,0,0,3,0,3,4,3,4,4
2370,Mareeba Dimbulah,5,0,0,5,0,0,5,5,5,5
2372,St George,4,4,4,4,4,4,4,4,4,4
2373,Dawson Valley,4,4,4,4,4,4,0,0,3,4
2374,Burdekin Haughton,2,0,0,3,0,0,3,3,1,2
2376,Bundaberg,5,0,5,5,0,5,5,5,5,5
2377,Bundaberg,4,0,0,3,0,4,4,4,4,4
2378,Upper Burnett,3,0,1,4,4,0,4,4,4,4
2379,Mareeba Dimbulah,3,0,0,3,0,0,3,0,3,3
2380,Bundaberg,4,0,0,4,0,2,4,0,5,4
2381,Macintyre Brook,4,4,4,3,3,3,4,3,3,3
2382,Bundaberg,5,0,0,4,0,4,5,4,4,4
2383,Mareeba Dimbulah,3,4,3,4,3,4,4,4,3,3
2384,Mareeba Dimbulah,4,0,0,4,0,0,4,4,5,5
2389,Mareeba Dimbulah,4,4,4,4,0,4,4,4,4,4
2390,Bundaberg,4,0,0,4,0,0,0,0,4,4
2391,Mareeba Dimbulah,3,4,0,3,0,3,4,4,4,3
2392,Dawson Valley,4,3,4,4,4,4,4,4,4,4
2393,St George,3,4,4,2,0,1,4,4,3,3
2394,Barker Barambah,3,4,4,4,4,3,3,3,3,2
2397,Upper Burnett,3,0,3,4,3,3,3,0,3,2
2398,Upper Condamine,4,4,0,4,0,4,5,5,5,5
2401,Eton,5,5,0,5,0,5,5,5,5,5
2402,Bundaberg,4,0,4,4,0,3,4,3,4,4
2403,Eton,1,0,0,5,0,0,5,5,0,4
2404,Nogoa Mackenzie,4,4,4,4,4,4,4,3,5,5
2405,Burdekin Haughton,3,0,0,4,4,1,4,3,3,1
2406,Mareeba Dimbulah,4,4,4,4,3,2,4,4,5,4
2408,Nogoa Mackenzie,4,4,4,4,0,0,4,4,5,4
2409,Bundaberg,5,5,5,5,0,0,5,5,5,4
2410,Mareeba Dimbulah,3,5,3,1,2,2,4,3,3,3
2411,Callide Valley,2,0,4,3,0,2,4,0,4,3
2412,Eton,4,4,0,3,0,3,4,3,3,3
2414,Bundaberg,5,0,0,5,0,5,5,5,5,5
2415,Burdekin Haughton,4,4,4,4,4,4,4,3,4,5
2416,Boyne River and Tarong,4,0,0,4,0,3,4,0,4,4
2417,Upper Condamine,4,2,4,4,3,4,5,3,4,4
2420,Mareeba Dimbulah,3,0,0,2,0,0,0,0,0,3
2422,Boyne River and Tarong,3,0,0,2,0,3,3,3,3,3
2424,Dawson Valley,3,3,4,3,0,2,3,3,3,2
2425,Barker Barambah,4,4,5,4,4,4,5,4,5,5
2426,Eton,4,4,0,4,0,3,4,4,4,4
2428,Bundaberg,5,4,0,4,0,0,4,0,4,4
2430,Burdekin Haughton,4,5,0,4,3,4,3,3,3,4
2431,Burdekin Haughton,2,0,0,2,0,1,0,0,1,1
2432,Proserpine River,5,4,3,3,0,3,3,3,3,3
2433,Mareeba Dimbulah,4,4,4,4,0,0,0,0,4,4
2434,Mareeba Dimbulah,3,4,4,3,3,3,4,3,4,3
2435,Eton,3,3,3,3,3,3,3,3,3,3
2436,Nogoa Mackenzie,5,5,0,4,0,5,5,5,5,4
2437,Mareeba Dimbulah,4,4,0,4,0,0,4,4,4,4
2438,Three Moon Creek,3,3,3,3,3,3,3,3,3,3
2439,Mareeba Dimbulah,4,4,4,3,0,4,4,4,4,4
2440,Burdekin Haughton,5,0,5,5,5,5,5,5,5,4
2441,Barker Barambah,3,3,0,4,0,3,3,3,3,4
2443,Callide Valley,3,3,3,3,3,3,3,3,3,4
2444,Bundaberg,3,3,3,4,3,3,4,4,3,4
2445,Bundaberg,4,0,5,5,0,0,5,0,4,4
2446,Bundaberg,4,4,4,4,4,4,4,4,4,5
2448,Dawson Valley,3,4,3,4,0,3,4,3,3,3
2449,Bundaberg,4,1,4,4,0,1,4,4,2,2
2452,Mareeba Dimbulah,3,3,3,4,3,3,3,3,3,4
2453,Nogoa Mackenzie,3,0,3,4,1,3,4,3,3,1
2454,Nogoa Mackenzie,4,0,0,0,0,0,0,0,0,4
2458,Mareeba Dimbulah,3,2,2,0,0,3,4,3,3,3
2459,Bundaberg,5,4,4,4,4,4,5,5,5,5
2460,Macintyre Brook,5,5,5,3,4,5,5,5,5,5
2461,Nogoa Mackenzie,4,3,3,3,0,0,4,0,0,4
2463,Mareeba Dimbulah,5,5,5,5,0,5,5,0,5,4
2464,Nogoa Mackenzie,1,2,2,1,1,1,1,1,1,1
2465,Nogoa Mackenzie,3,4,3,4,0,4,4,3,2,3
2466,Bundaberg,1,3,3,4,0,3,4,3,3,3
2468,Bowen Broken Rivers,4,0,0,4,0,0,4,4,4,4
2469,Dawson Valley,3,4,0,2,3,3,4,4,4,4
2470,Chinchilla Weir,4,0,5,5,5,4,5,3,5,4
2471,Bundaberg,5,0,5,4,3,5,5,4,5,5
2472,Bundaberg,4,0,4,4,0,1,4,1,3,3
2473,Mareeba Dimbulah,3,3,1,3,3,2,4,3,3,3
2474,Mareeba Dimbulah,4,4,4,4,4,4,0,0,4,4
2475,Bundaberg,3,0,0,4,0,4,5,4,5,4
2476,Bundaberg,4,4,0,3,0,3,4,3,4,4
2477,Bundaberg,4,0,5,4,0,4,3,4,4,4
2478,Burdekin Haughton,3,3,3,3,3,3,4,3,3,3
2479,Macintyre Brook,5,5,5,5,5,4,5,4,4,4
2480,Mareeba Dimbulah,2,1,4,4,4,1,2,2,2,3
2481,Mareeba Dimbulah,2,4,4,3,0,0,5,0,3,1
2483,Dawson Valley,4,4,4,4,4,4,4,4,4,5
2485,Bundaberg,3,0,0,3,0,0,4,3,4,4
2486,Eton,3,5,3,4,0,3,4,4,4,3
2488,Callide Valley,4,4,4,4,4,4,4,4,4,4
2489,Bundaberg,4,4,4,4,4,4,4,4,4,4
2491,Nogoa Mackenzie,5,5,5,5,0,5,5,5,5,5
2492,Dawson Valley,3,5,1,5,0,2,0,0,2,2
2495,Burdekin Haughton,3,4,4,4,0,3,4,2,3,2
2496,Upper Condamine,4,4,4,5,5,5,5,5,4,4
2497,Nogoa Mackenzie,4,0,5,4,4,0,5,0,4,4
2498,Bundaberg,2,0,0,4,0,0,4,3,2,3
2499,Bundaberg,4,4,4,4,4,4,4,4,4,5
2500,Mareeba Dimbulah,4,0,5,5,0,0,5,0,5,4
2501,Nogoa Mackenzie,4,5,4,4,4,4,4,4,4,4
2503,Bundaberg,4,0,4,4,0,0,4,4,4,3
2504,Nogoa Mackenzie,4,4,4,4,4,4,4,4,4,5
2506,Nogoa Mackenzie,4,4,4,4,0,0,0,0,4,4
2507,Dawson Valley,1,0,0,0,0,0,0,0,0,1
2509,Nogoa Mackenzie,3,4,4,4,3,3,5,4,4,4
2510,Burdekin Haughton,5,4,0,4,0,3,4,0,0,3
2511,Three Moon Creek,3,0,0,3,0,3,3,3,3,3
2512,Mareeba Dimbulah,5,0,5,5,0,0,4,0,4,4
2513,Bundaberg,3,3,3,3,2,2,3,3,3,3
2514,Lower Mary River,3,0,0,3,0,0,3,0,3,3
2515,Eton,4,4,4,4,0,0,4,4,4,4
2517,Nogoa Mackenzie,2,0,2,1,0,2,3,1,2,2
2518,Three Moon Creek,3,0,3,3,0,3,3,0,3,3
2519,Mareeba Dimbulah,5,0,0,4,0,0,4,0,5,3
2523,Three Moon Creek,5,4,0,4,4,4,4,4,4,4
2524,Upper Burnett,2,0,3,3,0,0,3,2,2,2
2525,Barker Barambah,4,5,4,4,4,4,4,4,4,4
2530,Eton,3,5,0,3,0,1,3,1,0,3
2531,St George,3,0,3,3,3,3,4,4,4,3
2532,Lower Mary River,3,0,2,3,1,2,2,2,3,4
2533,Bundaberg,3,2,2,2,3,2,3,2,2,2
2534,Dawson Valley,5,0,0,5,0,5,5,5,5,5
2535,Mareeba Dimbulah,4,0,4,4,0,4,5,4,3,4
2536,Mareeba Dimbulah,4,0,0,4,0,4,0,0,0,4
2537,Boyne River and Tarong,1,1,3,1,1,1,1,1,2,2
2539,Callide Valley,4,0,4,3,0,0,3,0,3,3
2540,Mareeba Dimbulah,4,4,0,4,0,0,4,0,4,4
2541,Dawson Valley,1,1,0,1,0,0,3,0,1,1
2542,Proserpine River,2,3,4,4,0,2,3,2,2,2
2543,Bundaberg,4,0,0,4,0,0,4,4,4,4
2544,Burdekin Haughton,4,4,4,4,0,3,5,3,4,3
2545,Barker Barambah,3,3,0,3,0,3,4,3,3,3
2550,Mareeba Dimbulah,3,0,3,3,0,0,3,4,4,3
2551,Nogoa Mackenzie,3,3,0,3,0,3,4,3,3,3
2552,Bundaberg,2,3,5,3,0,1,4,3,1,2
2555,Bundaberg,2,1,1,2,3,1,4,1,1,1
2556,Mareeba Dimbulah,4,0,3,4,0,3,0,0,4,4
2557,Dawson Valley,3,4,4,4,0,0,4,0,4,4
2558,Bundaberg,3,0,0,3,0,0,3,0,3,3
2559,Barker Barambah,2,3,0,4,0,3,3,3,3,3
2560,Upper Burnett,4,0,0,4,0,4,5,0,4,4
2561,Eton,3,4,2,3,3,2,4,4,2,3
2562,Upper Burnett,3,3,4,3,0,2,4,3,3,3
2564,Burdekin Haughton,5,4,5,4,2,3,5,2,5,4
2566,Bundaberg,3,3,3,3,0,1,4,3,4,3
2567,Bundaberg,5,0,4,4,0,3,5,3,4,3
2569,Macintyre Brook,3,3,4,3,4,4,4,3,4,3
2571,Mareeba Dimbulah,2,3,3,1,3,1,1,1,1,1
2573,Mareeba Dimbulah,4,0,0,4,0,0,4,4,4,4
2574,Macintyre Brook,3,4,4,4,0,0,0,0,0,3
2576,Proserpine River,4,4,4,4,4,4,4,4,4,4
2577,Bundaberg,3,0,4,2,0,1,2,2,2,2
2578,Eton,1,3,0,3,0,0,4,4,0,3
2579,Chinchilla Weir,3,0,0,0,0,0,3,0,3,3
2580,Mareeba Dimbulah,3,3,4,4,3,4,4,3,3,4
2583,Proserpine River,2,2,0,4,0,2,1,3,2,2
2584,Bundaberg,3,0,4,4,0,1,3,4,3,4
2585,Boyne River and Tarong,3,0,0,3,0,0,0,0,3,3
2588,Eton,2,3,3,2,2,2,3,3,3,3
2589,Mareeba Dimbulah,1,1,1,1,1,1,1,1,1,1
2590,Burdekin Haughton,4,4,4,4,4,4,4,4,4,3
2591,Callide Valley,2,0,3,3,0,1,3,3,1,1
2592,Burdekin Haughton,1,4,3,3,3,2,1,0,1,1
2593,Mareeba Dimbulah,3,0,0,3,0,4,4,0,2,3
2594,Boyne River and Tarong,4,0,0,5,0,3,5,0,4,5
2595,Mareeba Dimbulah,3,0,0,4,0,0,1,2,3,3
2596,Mareeba Dimbulah,3,4,3,3,0,0,3,0,4,4
2598,Barker Barambah,1,1,1,1,1,1,3,1,1,3
2600,Mareeba Dimbulah,4,0,0,4,5,0,4,3,3,4
2601,Dawson Valley,3,4,0,4,3,2,4,3,2,3
2602,Eton,4,4,0,4,4,4,4,4,4,4
2603,St George,5,0,4,4,4,0,4,0,4,4
2604,Barker Barambah,2,5,5,5,0,1,5,3,5,4
2605,Barker Barambah,3,2,2,3,0,0,3,3,3,3
2607,Barker Barambah,2,3,3,3,4,3,4,4,3,2
2609,Nogoa Mackenzie,4,4,3,3,4,3,4,4,3,3
2610,Barker Barambah,1,1,3,5,0,1,3,3,3,4
2611,Mareeba Dimbulah,3,3,0,2,0,0,4,2,3,3
2612,Mareeba Dimbulah,3,0,4,4,0,0,0,0,0,4
2613,Eton,4,3,3,3,3,2,3,3,4,3
2614,Lower Mary River,5,4,0,4,4,3,0,0,4,4
2615,Burdekin Haughton,3,4,4,4,0,3,4,3,4,4
2616,Macintyre Brook,4,4,4,4,0,4,1,0,4,4
2617,Mareeba Dimbulah,4,3,3,3,3,3,3,3,3,4
2618,Bundaberg,3,0,3,3,0,2,3,2,3,3
2620,Barker Barambah,4,0,0,4,0,3,0,0,3,4
2622,Boyne River and Tarong,4,0,0,4,0,0,0,0,4,4
2624,Eton,2,4,0,1,2,3,4,2,2,2
2625,Bundaberg,2,1,0,3,0,2,3,3,3,3
2626,Bundaberg,3,3,2,3,3,2,2,2,3,3
2627,Barker Barambah,1,4,4,2,0,1,2,0,1,1
2632,Mareeba Dimbulah,3,4,0,3,0,2,2,3,3,3
2633,Bundaberg,4,5,5,5,0,4,5,0,5,4
2634,Callide Valley,3,5,3,3,0,3,3,3,3,3
2635,Bundaberg,4,0,5,5,4,2,5,4,5,4
2637,Mareeba Dimbulah,5,2,0,5,0,4,4,0,4,4
2638,Bundaberg,4,5,5,5,5,5,5,5,5,4
2639,Lower Mary River,4,0,0,4,0,0,4,3,4,4
2640,Bundaberg,3,4,0,3,0,3,4,4,3,4
2642,Burdekin Haughton,2,3,3,2,0,1,3,2,2,2
2643,Lower Fitzroy,5,4,0,4,0,3,0,0,4,4
2646,Upper Condamine,3,5,3,4,4,3,5,3,3,4
2648,Burdekin Haughton,4,4,4,4,1,2,4,3,4,3
2649,Upper Burnett,4,4,4,4,4,4,4,4,4,4
2650,Eton,5,5,5,5,4,4,5,5,5,4
2651,Bundaberg,3,4,4,4,0,3,4,4,4,4
2652,Bundaberg,2,0,0,4,0,2,4,4,4,4
2653,Bundaberg,2,1,1,4,1,1,4,2,1,2
2654,Boyne River and Tarong,4,3,4,4,3,3,4,3,3,3
2655,Macintyre Brook,2,0,0,3,3,0,0,0,1,1
2657,Dawson Valley,3,0,4,4,3,3,4,4,4,4
2658,Barker Barambah,1,0,1,1,1,1,1,1,1,2
2659,Boyne River and Tarong,3,0,0,4,0,4,3,0,0,4
2660,Bundaberg,1,0,2,4,0,2,4,4,4,3
2661,Lower Fitzroy,4,0,0,3,0,0,3,0,3,3
2663,St George,2,4,4,4,3,1,3,2,2,3
2665,Bundaberg,4,0,0,3,0,0,5,3,4,5
2666,Pioneer River,5,0,5,5,5,5,0,0,3,3
2667,Mareeba Dimbulah,4,5,4,4,3,3,2,3,4,4
2668,Mareeba Dimbulah,1,1,1,1,1,1,1,1,1,1
2669,Mareeba Dimbulah,2,0,1,1,1,1,4,2,1,3
2670,Bundaberg,1,1,4,4,0,1,0,0,3,3
2671,Eton,3,0,0,3,0,3,4,0,3,3
2672,Bundaberg,3,0,4,4,1,5,5,3,4,4
2674,Dawson Valley,1,0,3,4,0,1,1,0,2,3
2676,Dawson Valley,4,4,4,4,0,3,5,4,4,3
2677,Bundaberg,5,0,5,5,0,0,5,3,5,5
2678,Bundaberg,1,3,0,3,0,1,3,3,1,1
2679,Bundaberg,4,0,4,4,0,3,4,4,4,4
2681,Bundaberg,4,0,0,4,0,4,4,4,4,4
2682,Mareeba Dimbulah,1,2,2,3,0,1,1,1,1,1
2683,Upper Condamine,3,0,3,3,0,3,3,3,3,3
2684,Boyne River and Tarong,4,0,0,4,3,3,4,0,3,3
2686,Bundaberg,4,4,5,4,4,4,4,4,4,4
2689,Maranoa River,4,0,0,0,0,0,0,0,0,3
2690,Boyne River and Tarong,3,3,0,3,0,3,4,4,4,3
2691,Burdekin Haughton,1,0,0,4,0,0,4,4,4,4
2692,Bundaberg,2,1,2,1,2,1,4,3,3,2
2693,Bundaberg,1,4,4,3,3,1,5,4,4,3
2695,Upper Condamine,4,4,4,4,0,5,4,4,4,4
2697,Bundaberg,1,0,4,3,0,1,3,0,3,2
2698,Bundaberg,3,0,0,4,0,2,4,3,0,3
2699,Macintyre Brook,2,4,4,4,0,2,2,0,3,3
2706,Bundaberg,2,1,3,4,0,1,3,3,4,3
2708,Mareeba Dimbulah,3,2,5,5,0,1,4,4,3,3
2711,Barker Barambah,3,4,0,4,0,0,4,3,4,4
2712,Bundaberg,1,1,1,1,1,1,0,0,1,3
2713,Barker Barambah,1,5,1,4,0,1,0,0,3,1
2714,Bundaberg,3,0,4,4,4,4,4,4,4,4
2715,Upper Condamine,4,4,4,4,4,4,4,4,4,4
2716,Bundaberg,3,0,3,4,0,0,4,0,4,4
2717,Upper Burnett,1,0,3,3,0,1,3,3,1,1
2718,Mareeba Dimbulah,4,0,0,4,0,0,4,0,4,3
2719,Mareeba Dimbulah,3,3,4,4,4,2,4,3,3,2
2723,Bundaberg,1,1,3,2,0,2,3,2,1,3
2724,Mareeba Dimbulah,2,3,0,3,0,1,1,1,2,3
2725,Bundaberg,2,0,4,4,0,0,4,4,0,3
2726,Boyne River and Tarong,5,0,0,5,0,4,5,5,5,5
2727,Mareeba Dimbulah,3,0,4,4,3,0,4,0,3,3
2728,Bundaberg,4,4,4,4,3,4,4,4,3,4
2729,Mareeba Dimbulah,3,0,0,3,0,0,4,4,4,2
2731,Nogoa Mackenzie,4,4,5,4,4,4,5,3,5,4
2732,Three Moon Creek,4,4,5,4,4,3,4,4,4,4
2733,Proserpine River,3,3,0,4,0,3,4,0,4,4
2734,Dawson Valley,3,0,4,4,0,3,5,4,3,3
2735,Eton,4,0,0,4,0,0,4,0,4,4
2736,Mareeba Dimbulah,4,5,5,5,0,4,5,4,4,4
2737,Burdekin Haughton,3,5,5,5,5,5,5,3,3,2
2738,Mareeba Dimbulah,5,0,5,5,0,0,5,5,4,5
2739,Nogoa Mackenzie,4,0,0,4,0,0,4,0,5,4
2740,Burdekin Haughton,3,0,0,0,0,0,0,0,0,3
2742,Bundaberg,4,0,4,4,4,4,5,0,3,1
2743,Bundaberg,3,1,1,3,0,1,5,1,1,1
2744,Bundaberg,1,1,1,3,0,1,3,1,1,1
2746,Macintyre Brook,4,4,4,3,3,4,4,3,4,4
2747,Bundaberg,3,0,0,5,0,0,5,0,4,3
2748,Bundaberg,5,0,0,5,0,0,0,0,0,4
2750,Bundaberg,4,0,2,4,0,3,3,3,3,3
2751,Mareeba Dimbulah,3,4,0,4,0,1,4,2,3,4
2753,Bundaberg,4,0,4,4,0,4,5,0,4,4
2754,Lower Mary River,3,0,4,4,4,2,4,3,4,4
2755,Mareeba Dimbulah,5,0,5,5,0,0,5,0,5,5
2756,Bundaberg,5,5,0,5,0,0,5,0,5,5
2757,Eton,1,0,0,2,0,0,0,0,3,3
2758,Lower Mary River,4,0,0,4,0,3,4,3,4,3
2759,Mareeba Dimbulah,1,3,4,3,2,1,2,1,1,3
2760,Lower Fitzroy,3,0,0,3,3,0,4,4,3,3
2762,Three Moon Creek,4,4,4,4,3,4,4,3,4,4
2763,Proserpine River,5,5,0,4,0,4,5,4,4,4
2764,Nogoa Mackenzie,3,3,3,3,0,3,3,3,3,3
2765,Mareeba Dimbulah,4,0,0,4,0,0,5,5,5,4
2766,Macintyre Brook,3,3,4,4,0,3,4,0,3,3
2767,Nogoa Mackenzie,2,3,3,3,3,3,3,3,3,3
2770,Callide Valley,4,0,0,4,4,3,4,3,3,4
2771,Eton,3,3,0,3,0,1,3,3,0,3
2772,Burdekin Haughton,2,2,0,2,0,2,4,2,1,2
2773,Burdekin Haughton,3,3,3,3,3,2,3,3,2,3
2774,Dawson Valley,2,4,4,4,4,4,4,4,4,4
2776,Proserpine River,1,4,0,4,0,2,4,4,2,2
2777,Nogoa Mackenzie,4,0,0,4,3,4,5,4,4,4
2778,Mareeba Dimbulah,3,3,4,4,3,3,3,3,3,3
2779,Bundaberg,4,0,5,4,0,4,5,4,4,4
2780,Macintyre Brook,1,3,2,2,0,2,3,0,2,3
2781,Bundaberg,1,3,4,4,4,2,4,4,4,2
2783,St George,1,2,2,3,2,1,2,1,2,2
2784,Bundaberg,1,1,1,1,1,1,1,1,2,1
2785,Bundaberg,5,0,5,5,5,5,5,5,5,5
2786,Burdekin Haughton,3,4,0,4,0,3,3,1,2,3
2787,Mareeba Dimbulah,4,0,4,5,0,0,4,2,4,2
2788,St George,4,4,4,4,0,3,4,4,4,4
2790,Dawson Valley,1,4,1,1,1,1,4,1,1,1
